repo_name,total_design_smells,total_impl_smells,total_code_smells,God_Class,Feature_Envy,Unutilized_Abstraction,Deficient_Encapsulation,Unexploited_Encapsulation,Multifaceted_Abstraction,Insufficient_Modularization,Hub_Like_Modularization,Cyclically_Dependent_Modularization,Broken_Hierarchy,Rebellious_Hierarchy,Missing_Hierarchy,Wide_Hierarchy,Deep_Hierarchy,Long_Method,Complex_Method,Long_Parameter_List,Magic_Number,Duplicate_Code,Empty_Catch_Clause,Long_Statement,Long_Identifier,Missing_Default,Complex_Conditional,num_classes,num_methods,total_LOC,mean_LOC,median_LOC,mean_WMC,mean_NOM,mean_FANIN,mean_FANOUT,mean_LCOM,mean_DIT,mean_method_LOC,mean_CC,max_CC,smell_density,CommitCount,DaysActive,AuthorCount,TimezoneCount,NumberPRs,NumberIssues,BusFactorNumber,commitCentrality_Density,commitCentrality_Community Count,commitCentrality_NumberHighCentralityAuthors,PRParticipantsCount_mean,IssueParticipantCount_mean,IssueCommentsCount_mean,AuthorCommitCount_mean,AuthorActiveDays_mean,commitCentrality_Centrality_mean,lone_wolf,radio_silence,org_silo,dataset_version
JavaSampleCodes,1,0,1,0,0,1,0,,,,,,,,,,,0,0,0,0,0,,,,,,,,,,,,,,,,,,,,,20,1152,2,1,,,,1.0,1.0,2.0,,,,10.0,577.0,1.0,0,1,0,V1
demo,1,0,1,0,0,1,0,,,,,,,,,,,0,0,0,0,0,,,,,,,,,,,,,,,,,,,,,1047,1075,6,5,77.0,3.0,0.9493670886075948,0.6,1.0,4.0,2.636363636363636,1.6666666666666667,1.3333333333333333,174.5,395.8333333333333,0.6000000000000001,1,0,0,V1
MyJavaNLayerTrials,6,3,9,0,0,6,0,,,,,,,,,,,0,0,0,3,0,,,,,,,,,,,,,,,,,,,,,5,595,1,2,,,,0.0,1.0,1.0,,,,5.0,596.0,1.0,0,1,0,V1
Java-Tutorial-Projects,1,47,48,0,0,1,0,,,,,,,,,,,0,1,0,44,0,,,,,,,,,,,,,,,,,,,,,1,0,1,1,,,,,,,,,,1.0,1.0,,0,1,0,V1
MipSDK-File-Java-Basic,4,3,7,0,0,2,1,,,,,,,,,,,0,0,0,0,0,,,,,,,,,,,,,,,,,,,,,41,1298,6,4,10.0,10.0,1.0,0.2,3.0,0.0,1.2,1.3,0.6,6.833333333333333,230.5,0.2,1,0,1,V1
azure-cosmos-cassandra-extensions-java-sample-v4,1,10,11,0,0,0,1,,,,,,,,,,,0,0,1,3,0,,,,,,,,,,,,,,,,,,,,,53,492,6,4,8.0,1.0,-0.5,0.7333333333333333,2.0,6.0,1.25,3.0,1.0,8.833333333333334,148.33333333333334,0.7333333333333334,0,0,0,V1
azure-cosmos-cassandra-extensions-java-sample,2,13,15,0,0,1,1,,,,,,,,,,,0,0,1,8,0,,,,,,,,,,,,,,,,,,,,,33,420,4,3,,,,1.0,1.0,4.0,,,,8.25,210.75,1.0,0,1,0,V1
azure-functions-samples-java,43,37,80,0,0,31,10,,,,,,,,,,,0,0,3,14,0,,,,,,,,,,,,,,,,,,,,,68,1658,14,10,41.0,5.0,1.0,0.1648351648351648,4.0,0.0,2.073170731707317,1.4,0.6,4.857142857142857,177.92857142857142,0.1648351648351648,1,0,1,V1
azure-search-java-samples,20,80,100,0,0,12,3,,,,,,,,,,,0,1,0,34,0,,,,,,,,,,,,,,,,,,,,,168,2498,13,7,,,,0.2435897435897435,3.0,1.0,,,,12.923076923076923,264.53846153846155,0.2435897435897435,0,1,1,V1
azure-spring-data-cosmos-java-sql-api-samples,2,6,8,0,0,2,0,,,,,,,,,,,0,0,0,4,0,,,,,,,,,,,,,,,,,,,,,42,1440,9,4,15.0,5.0,1.0,0.1111111111111111,5.0,0.0,1.2666666666666666,1.8,1.6,4.666666666666667,88.22222222222223,0.1111111111111111,1,0,1,V1
communication-services-android-calling-hero,16,31,47,0,0,8,3,,,,,,,,,,,0,0,1,4,0,,,,,,,,,,,,,,,,,,,,,68,1092,12,4,131.0,6.0,0.8571428571428571,0.3787878787878788,4.0,4.0,2.931297709923664,2.5,3.6666666666666665,5.666666666666667,134.33333333333334,0.3787878787878788,0,0,0,V1
data-box-samples,1,231,232,0,0,1,0,,,,,,,,,,,1,0,0,229,0,,,,,,,,,,,,,,,,,,,,,46,919,9,4,8.0,,,0.3055555555555556,3.0,2.0,2.125,,,5.111111111111111,90.22222222222224,0.3055555555555556,0,0,0,V1
ms-identity-android-java,11,51,62,0,0,6,2,,,,,,,,,,,0,0,1,1,0,,,,,,,,,,,,,,,,,,,,,112,2221,28,8,75.0,26.0,1.0,0.0952380952380952,7.0,0.0,1.88,1.807692307692308,1.4230769230769231,4.0,100.64285714285714,0.0952380952380952,1,0,1,V1
ms-identity-docs-code-java,0,0,0,0,0,0,0,,,,,,,,,,,0,0,0,0,0,,,,,,,,,,,,,,,,,,,,,29,1064,8,7,51.0,,,0.25,4.0,1.0,0.9607843137254902,,,3.625,58.5,0.25,0,0,1,V1
open-liberty-on-aks,6,2,8,0,0,6,0,,,,,,,,,,,0,0,0,0,0,,,,,,,,,,,,,,,,,,,,,124,1575,11,6,48.0,1.0,0.7777777777777778,0.2909090909090909,3.0,2.0,1.1875,2.0,5.0,11.272727272727272,303.45454545454544,0.2909090909090909,0,0,1,V1
demo-DSV-java,1,2,3,0,0,1,0,,,,,,,,,,,0,0,0,2,0,,,,,,,,,,,,,,,,,,,,,3,0,1,1,,,,,,,,,,3.0,1.0,,0,1,0,V1
java-oop-examples,4,1,5,0,0,4,0,,,,,,,,,,,0,0,0,1,0,,,,,,,,,,,,,,,,,,,,,9,1547,2,1,8.0,,,0.0,2.0,0.0,0.25,,,4.5,4.5,0.0,0,0,0,V1
HelloWorld,44,91,135,0,0,39,0,,,,,,,,,,,0,5,0,83,0,,,,,,,,,,,,,,,,,,,,,4,1641,2,2,74.0,3.0,1.0,0.0,2.0,0.0,1.5675675675675675,1.6666666666666667,0.3333333333333333,2.0,187.0,0.0,1,0,0,V1
cybersource-rest-samples-java,25,854,879,0,0,2,23,,,,,,,,,,,12,3,1,131,0,,,,,,,,,,,,,,,,,,,,,423,2670,30,4,116.0,15.0,0.9375,0.2942528735632184,3.0,3.0,1.7413793103448276,1.3333333333333333,0.5333333333333333,14.1,379.0,0.2942528735632184,1,0,1,V1
_100DaysOfCode,8,50,58,0,0,6,0,,,,,,,,,,,0,3,0,42,0,,,,,,,,,,,,,,,,,,,,,35,399,2,1,,,,1.0,1.0,2.0,,,,17.5,202.5,1.0,0,1,0,V1
datomic-java-examples,16,91,107,0,0,8,7,,,,,,,,,,,1,0,1,24,0,,,,,,,,,,,,,,,,,,,,,71,4645,8,5,4.0,3.0,1.0,0.2142857142857142,3.0,0.0,0.75,2.0,1.0,8.875,492.25,0.2142857142857142,1,0,1,V1
Java_Sample_Codes,43,145,188,0,0,43,0,,,,,,,,,,,0,1,0,142,0,,,,,,,,,,,,,,,,,,,,,2,6,1,1,,1.0,,0.0,1.0,1.0,,1.0,0.0,2.0,7.0,1.0,0,0,0,V1
javabackend_project,2,2,4,0,0,2,0,,,,,,,,,,,0,0,0,2,0,,,,,,,,,,,,,,,,,,,,,10,0,5,1,,,,,,,,,,2.0,1.0,,0,1,0,V1
ddd,3,2,5,0,0,3,0,,,,,,,,,,,0,0,0,0,0,,,,,,,,,,,,,,,,,,,,,21,2063,2,1,,2.0,,1.0,1.0,2.0,,1.0,0.0,10.5,1036.0,1.0,0,0,0,V1
javalab,53,158,211,0,0,52,0,,,,,,,,,,,0,2,0,146,0,,,,,,,,,,,,,,,,,,,,,81,119,8,1,21.0,1.0,0.0,1.0,1.0,8.0,1.7142857142857142,1.0,0.0,10.125,15.875,1.0,0,0,0,V1
foglight-rest-api-java-sample-code,19,62,81,0,0,14,0,,,,,,,,,,,0,5,2,34,0,,,,,,,,,,,,,,,,,,,,,8,97,3,2,,,,1.0,1.0,3.0,,,,2.6666666666666665,33.333333333333336,1.0,0,1,0,V1
Code_Along_with_GZM__JAVA,5,8,13,0,0,5,0,,,,,,,,,,,0,0,0,8,0,,,,,,,,,,,,,,,,,,,,,13,1,3,1,4.0,,,1.0,1.0,3.0,2.0,,,4.333333333333333,1.3333333333333333,1.0,0,0,0,V1
JavaCodeSnippets,139,260,399,0,0,133,0,,,,,,,,,,,0,0,0,250,0,,,,,,,,,,,,,,,,,,,,,1,0,1,1,,,,,,,,,,1.0,1.0,,0,1,0,V1
javalabs,4,7,11,0,0,4,0,,,,,,,,,,,0,0,0,6,0,,,,,,,,,,,,,,,,,,,,,19,51,2,1,,,,1.0,1.0,2.0,,,,9.5,26.5,1.0,0,1,0,V1
VLC-SCFS004-24-0650,86,261,347,0,0,72,3,,,,,,,,,,,0,3,1,246,0,,,,,,,,,,,,,,,,,,,,,138,21,1,1,,,,0.0,1.0,1.0,,,,138.0,22.0,1.0,0,1,0,V1
hms-push-serverdemo-java,65,109,174,0,0,34,1,,,,,,,,,,,0,2,2,42,0,,,,,,,,,,,,,,,,,,,,,33,1126,6,1,5.0,19.0,0.8823529411764706,0.4,2.0,2.0,1.0,1.6842105263157894,0.7894736842105263,5.5,351.3333333333333,0.4,0,0,0,V1
ibm-developer-java,15,23,38,0,0,12,3,,,,,,,,,,,0,1,0,8,0,,,,,,,,,,,,,,,,,,,,,10,137,4,3,6.0,,,0.1666666666666666,3.0,0.0,0.8333333333333334,,,2.5,15.5,0.1666666666666666,0,0,1,V1
mongodb-java-examples,10,17,27,0,0,9,1,,,,,,,,,,,0,5,0,11,0,,,,,,,,,,,,,,,,,,,,,21,664,1,2,,,,0.0,1.0,1.0,,,,21.0,665.0,1.0,0,1,0,V1
Java8,64,110,174,0,0,57,3,,,,,,,,,,,0,0,1,91,0,,,,,,,,,,,,,,,,,,,,,17,2052,1,1,,,,0.0,1.0,1.0,,,,17.0,2053.0,1.0,0,1,0,V1
javamoney-examples,373,1489,1862,0,0,275,26,,,,,,,,,,,0,39,61,1234,0,,,,,,,,,,,,,,,,,,,,,472,4455,10,10,31.0,40.0,0.9565217391304348,0.2888888888888888,3.0,1.0,1.2580645161290325,1.675,2.325,47.2,996.1,0.2888888888888888,1,0,1,V1
JavaDemoJenkins,1,0,1,0,0,1,0,,,,,,,,,,,0,0,0,0,0,,,,,,,,,,,,,,,,,,,,,2,0,1,1,,,,,,,,,,2.0,1.0,,0,1,0,V1
KeyAuth-JAVA-api,1,30,31,0,0,0,1,,,,,,,,,,,0,0,0,16,0,,,,,,,,,,,,,,,,,,,,,11,111,1,1,1.0,,,0.0,1.0,1.0,1.0,,,11.0,112.0,1.0,0,0,0,V1
JavaDemoApplication,4,4,8,0,0,4,0,,,,,,,,,,,0,0,1,1,0,,,,,,,,,,,,,,,,,,,,,11,399,3,1,,,,0.0,3.0,0.0,,,,3.6666666666666665,9.0,0.0,0,1,1,V1
JavaTutorialProjectsGuidedPersonal,2,105,107,0,0,1,0,,,,,,,,,,,1,0,0,102,0,,,,,,,,,,,,,,,,,,,,,1,0,1,1,,,,,,,,,,1.0,1.0,,0,1,0,V1
Java-Demo-Application-with-Spring-Boot-and-Security,18,27,45,0,0,15,0,,,,,,,,,,,0,0,2,11,0,,,,,,,,,,,,,,,,,,,,,3,0,1,1,,,,,,,,,,3.0,1.0,,0,1,0,V1
Proj11x,4,0,4,0,0,2,0,,,,,,,,,,,0,0,0,0,0,,,,,,,,,,,,,,,,,,,,,1,0,1,1,,,,,,,,,,1.0,1.0,,0,1,0,V1
gateway-java-sample-code,14,106,120,0,0,7,3,,,,,,,,,,,1,2,2,5,0,,,,,,,,,,,,,,,,,,,,,564,700,21,5,29.0,,,0.4523809523809524,3.0,8.0,1.5517241379310345,,,26.857142857142858,113.47619047619048,0.4523809523809524,0,0,0,V1
javaSamples1,24,95,119,0,0,17,6,,,,,,,,,,,0,2,1,73,0,,,,,,,,,,,,,,,,,,,,,1,0,1,1,,,,,,,,,,1.0,1.0,,0,1,0,V1
outlook-actionable-messages-java-token-validation,1,2,3,0,0,1,0,,,,,,,,,,,0,0,0,1,0,,,,,,,,,,,,,,,,,,,,,27,977,5,2,,,,0.3,3.0,0.0,,,,5.4,175.4,0.3,0,1,0,V1
Commerce-API-Java,7,31,38,0,0,6,0,,,,,,,,,,,0,0,3,1,0,,,,,,,,,,,,,,,,,,,,,16,19,2,1,1.0,1.0,0.0,1.0,1.0,2.0,1.0,1.0,1.0,8.0,10.5,1.0,0,0,0,V1
azure4j-blog-samples,25,47,72,0,0,11,3,,,,,,,,,,,0,0,1,18,0,,,,,,,,,,,,,,,,,,,,,15,20,1,1,,,,0.0,1.0,1.0,,,,15.0,21.0,1.0,0,1,0,V1
Java_MVVM_with_Swing_and_RxJava_Examples,64,374,438,0,0,39,22,,,,,,,,,,,0,0,0,325,0,,,,,,,,,,,,,,,,,,,,,112,440,2,3,3.0,5.0,0.6,1.0,1.0,2.0,1.6666666666666667,2.0,4.4,56.0,221.0,1.0,0,0,0,V1
gs-relational-data-access,1,2,3,0,0,1,0,,,,,,,,,,,0,0,0,0,0,,,,,,,,,,,,,,,,,,,,,3,0,1,1,,,,,,,,,,3.0,1.0,,0,1,0,V1
java_examples,4,6,10,0,0,4,0,,,,,,,,,,,0,0,0,6,0,,,,,,,,,,,,,,,,,,,,,14,1871,3,2,1.0,1.0,0.6666666666666666,0.6666666666666666,1.0,1.0,2.0,2.0,5.0,4.666666666666667,624.6666666666666,0.6666666666666666,0,0,0,V1
JavaTutorialsProject,24,47,71,0,0,20,0,,,,,,,,,,,0,1,0,42,0,,,,,,,,,,,,,,,,,,,,,1,0,1,1,,,,,,,,,,1.0,1.0,,0,1,0,V1
JAVA-SAMPLE-CODES,18,31,49,0,0,18,0,,,,,,,,,,,0,0,0,28,0,,,,,,,,,,,,,,,,,,,,,42,44,1,1,,,,0.0,1.0,1.0,,,,42.0,45.0,1.0,0,1,0,V1
JavaSampleCodeForPull,61,240,301,0,0,48,8,,,,,,,,,,,0,4,8,215,0,,,,,,,,,,,,,,,,,,,,,1,0,1,1,,,,,,,,,,1.0,1.0,,0,1,0,V1
JavaLearningTutorial,15,3,18,0,0,12,0,,,,,,,,,,,0,0,3,0,0,,,,,,,,,,,,,,,,,,,,,1,0,1,1,,,,,,,,,,1.0,1.0,,0,1,0,V1
JAVA_TUTORIAL_PROJECTS,3,14,17,0,0,3,0,,,,,,,,,,,0,0,0,13,0,,,,,,,,,,,,,,,,,,,,,6,94,1,1,1.0,,,0.0,1.0,1.0,1.0,,,6.0,95.0,1.0,0,0,0,V1
hexagonal-architecture-java,5,2,7,0,0,4,0,,,,,,,,,,,0,0,0,0,0,,,,,,,,,,,,,,,,,,,,,52,533,2,4,8.0,,,1.0,1.0,2.0,1.625,,,26.0,267.5,1.0,0,0,0,V1
aws-lambda-api-java-example,1,1,2,0,0,1,0,,,,,,,,,,,0,0,0,1,0,,,,,,,,,,,,,,,,,,,,,2,0,1,1,,,,,,,,,,2.0,1.0,,0,1,0,V1
creational-design-patterns-example,19,6,25,0,0,19,0,,,,,,,,,,,0,0,0,0,0,,,,,,,,,,,,,,,,,,,,,6,4,1,1,,,,0.0,1.0,1.0,,,,6.0,5.0,1.0,0,1,0,V1
structural-design-pattern-example,19,15,34,0,0,19,0,,,,,,,,,,,0,0,0,15,0,,,,,,,,,,,,,,,,,,,,,5,39,1,1,,,,0.0,1.0,1.0,,,,5.0,40.0,1.0,0,1,0,V1
JAVA,1,0,1,0,0,1,0,,,,,,,,,,,0,0,0,0,0,,,,,,,,,,,,,,,,,,,,,3128,3498,765,22,,1201.0,1.0,0.0472470314478321,7.0,0.0,,2.4188176519567026,2.758534554537885,4.088888888888889,31.07581699346405,0.0472470314478321,1,0,1,V1
ELK-Logger,2,0,2,0,0,2,0,,,,,,,,,,,0,0,0,0,0,,,,,,,,,,,,,,,,,,,,,28,23,4,3,2.0,2.0,-1.0,1.0,1.0,4.0,2.0,1.0,0.0,7.0,1.0,1.0,0,0,0,V1
TestProject,2,0,2,0,0,1,0,,,,,,,,,,,0,0,0,0,0,,,,,,,,,,,,,,,,,,,,,1,0,1,1,,,,,,,,,,1.0,1.0,,0,1,0,V1
JavaExamples,25,156,181,0,0,15,2,,,,,,,,,,,0,1,1,145,0,,,,,,,,,,,,,,,,,,,,,58,119,2,1,,,,1.0,1.0,2.0,,,,29.0,60.0,1.0,0,1,0,V1
CodingJava,2,2,4,0,0,2,0,,,,,,,,,,,0,0,0,2,0,,,,,,,,,,,,,,,,,,,,,5,0,3,1,,,,,,,,,,1.6666666666666667,1.0,,0,1,0,V1
JavaPractice,25,66,91,0,0,24,0,,,,,,,,,,,0,1,0,59,0,,,,,,,,,,,,,,,,,,,,,417,1095,2,1,1.0,,,1.0,1.0,2.0,0.0,,,208.5,606.5,1.0,0,0,0,V1
TensorFlow-Java-Examples,1,1,2,0,0,1,0,,,,,,,,,,,0,0,0,1,0,,,,,,,,,,,,,,,,,,,,,4,0,2,1,,,,,,,,,,2.0,1.0,,0,1,0,V1
KodlamaIoJavaTutorialProjectsPart1Eclipse,17,71,88,0,0,16,0,,,,,,,,,,,0,6,0,61,0,,,,,,,,,,,,,,,,,,,,,7,2,2,1,,,,1.0,1.0,2.0,,,,3.5,2.0,1.0,0,1,0,V1
KodlamaIoJavaTutorialProjectsPart1Intellij,17,78,95,0,0,16,0,,,,,,,,,,,0,6,0,68,0,,,,,,,,,,,,,,,,,,,,,2,0,2,1,,,,,,,,,,1.0,1.0,,0,1,0,V1
REST-API-Sample,4,17,21,0,0,4,0,,,,,,,,,,,0,0,0,15,0,,,,,,,,,,,,,,,,,,,,,3,1500,2,2,1.0,,,0.0,2.0,0.0,1.0,,,1.5,8.5,0.0,0,0,0,V1
codeSamples,5,3,8,0,0,5,0,,,,,,,,,,,0,0,0,3,0,,,,,,,,,,,,,,,,,,,,,809,4566,5,4,3.0,,,0.4,1.0,1.0,0.0,,,161.8,1364.8,0.4,0,0,0,V1
amenity-reservation,8,3,11,0,0,4,0,,,,,,,,,,,0,0,0,2,0,,,,,,,,,,,,,,,,,,,,,9,535,2,2,,,,1.0,1.0,2.0,,,,4.5,267.0,1.0,0,1,0,V1
test-spring4-apps,0,0,0,0,0,0,0,,,,,,,,,,,0,0,0,0,0,,,,,,,,,,,,,,,,,,,,,2,0,1,1,,,,,,,,,,2.0,1.0,,0,1,0,V1
javademo,3,0,3,0,0,2,0,,,,,,,,,,,0,0,0,0,0,,,,,,,,,,,,,,,,,,,,,397,0,67,3,,,,,,,,,,5.925373134328358,1.0,,0,1,0,V1
amv-trafficsoft-restclient-demo,10,20,30,0,0,7,0,,,,,,,,,,,0,0,0,4,0,,,,,,,,,,,,,,,,,,,,,22,287,2,2,,,,1.0,1.0,2.0,,,,11.0,188.5,1.0,0,1,0,V1
Java-Sample-Code,2,2,4,0,0,1,0,,,,,,,,,,,0,0,0,2,0,,,,,,,,,,,,,,,,,,,,,2,1,2,1,,,,1.0,1.0,2.0,,,,1.0,1.0,1.0,0,1,0,V1
Java-Code-Examples,10,26,36,0,0,10,0,,,,,,,,,,,0,0,1,23,0,,,,,,,,,,,,,,,,,,,,,20,32,1,1,,,,0.0,1.0,1.0,,,,20.0,33.0,1.0,0,1,0,V1
Java_SampleCode,36,253,289,0,0,23,11,,,,,,,,,,,4,12,0,152,0,,,,,,,,,,,,,,,,,,,,,3,31,2,1,,,,0.0,2.0,0.0,,,,1.5,1.0,0.0,0,1,0,V1
oracle_java_tutorial_projects,10,17,27,0,0,5,3,,,,,,,,,,,0,0,0,17,0,,,,,,,,,,,,,,,,,,,,,1,0,1,1,,,,,,,,,,1.0,1.0,,0,1,0,V1
receive_payment_java,0,7,7,0,0,0,0,,,,,,,,,,,0,0,0,6,0,,,,,,,,,,,,,,,,,,,,,4,0,1,2,,,,,,,,,,4.0,1.0,,0,1,0,V1
Aspose.BarCode-for-Java,41,1121,1162,0,0,36,1,,,,,,,,,,,0,4,3,1051,0,,,,,,,,,,,,,,,,,,,,,456,4649,30,5,30.0,1.0,1.0,0.0781609195402298,10.0,0.0,1.8666666666666667,2.0,2.0,15.2,151.43333333333334,0.0781609195402298,1,0,1,V1
Aspose.Cells-for-Java,307,2133,2440,0,0,257,14,,,,,,,,,,,5,21,6,1886,0,,,,,,,,,,,,,,,,,,,,,572,4711,35,5,46.0,28.0,1.0,0.1176470588235294,8.0,0.0,1.7173913043478262,2.107142857142857,3.607142857142857,16.34285714285714,313.1428571428572,0.1176470588235294,1,0,1,V1
Aspose.Diagram-for-Java,26,320,346,0,0,12,4,,,,,,,,,,,0,1,1,259,0,,,,,,,,,,,,,,,,,,,,,89,3015,21,3,16.0,5.0,1.0,0.0523809523809523,13.0,0.0,1.5625,2.0,2.0,4.238095238095238,178.9047619047619,0.0523809523809523,1,0,1,V1
Aspose.Email-for-Java,180,670,850,0,0,113,49,,,,,,,,,,,1,4,3,430,0,,,,,,,,,,,,,,,,,,,,,201,3018,33,5,42.0,6.0,1.0,0.0946969696969697,12.0,0.0,1.4761904761904765,1.8333333333333333,0.8333333333333334,6.090909090909091,183.66666666666663,0.0946969696969697,1,0,1,V1
Aspose.HTML-for-Java,156,358,514,0,0,144,5,,,,,,,,,,,0,1,1,283,0,,,,,,,,,,,,,,,,,,,,,37,2980,13,4,8.0,1.0,1.0,0.0897435897435897,7.0,0.0,1.5,2.0,1.0,2.8461538461538463,66.46153846153847,0.0897435897435897,1,0,1,V1
Aspose.PDF-for-Java,253,840,1093,0,0,172,12,,,,,,,,,,,2,6,4,634,0,,,,,,,,,,,,,,,,,,,,,301,4542,37,7,28.0,36.0,1.0,0.0765765765765765,12.0,0.0,1.6071428571428572,2.2777777777777777,2.583333333333333,8.135135135135135,167.6216216216216,0.0765765765765765,1,0,1,V1
Aspose.Slides-for-Java,593,2792,3385,0,0,540,16,,,,,,,,,,,3,13,4,2367,0,,,,,,,,,,,,,,,,,,,,,466,4712,31,4,22.0,10.0,1.0,0.1096774193548387,6.0,0.0,1.818181818181818,2.4,3.4,15.03225806451613,231.6451612903226,0.1096774193548387,1,0,1,V1
Aspose.Tasks-for-Java,137,625,762,0,0,109,10,,,,,,,,,,,1,5,3,465,0,,,,,,,,,,,,,,,,,,,,,123,4090,26,4,17.0,,,0.0738461538461538,10.0,0.0,1.7647058823529411,,,4.730769230769231,184.53846153846155,0.0738461538461538,0,0,1,V1
Aspose.Words-for-Java,1136,11957,13093,0,0,630,155,,,,,,,,,,,3,56,73,8500,0,,,,,,,,,,,,,,,,,,,,,864,5045,36,7,40.0,75.0,1.0,0.1507936507936507,5.0,0.0,1.775,2.36,4.133333333333334,24.0,430.6666666666667,0.1507936507936507,1,0,1,V1
amazon-kinesis-analytics-beam-taxi-consumer,11,18,29,0,0,6,5,,,,,,,,,,,0,0,0,4,0,,,,,,,,,,,,,,,,,,,,,83,1588,9,6,22.0,2.0,0.6666666666666666,0.2777777777777778,2.0,2.0,1.0,2.0,1.5,9.22222222222222,286.8888888888889,0.2777777777777778,0,0,0,V1
amazon-kinesis-analytics-streaming-etl,1,16,17,0,0,1,0,,,,,,,,,,,0,1,0,0,0,,,,,,,,,,,,,,,,,,,,,77,1310,8,5,23.0,3.0,0.8333333333333334,0.25,3.0,1.0,0.7391304347826086,1.0,0.3333333333333333,9.625,313.75,0.25,0,0,1,V1
amazon-kinesis-data-analytics-flink-benchmarking-utility,4,29,33,0,0,2,0,,,,,,,,,,,0,0,4,8,0,,,,,,,,,,,,,,,,,,,,,14,1062,7,5,3.0,1.0,1.0,0.1428571428571428,4.0,0.0,1.3333333333333333,1.0,0.0,2.0,61.285714285714285,0.1428571428571428,1,0,1,V1
amazon-translate-pdf,4,21,25,0,0,2,1,,,,,,,,,,,0,0,2,11,0,,,,,,,,,,,,,,,,,,,,,37,1036,6,4,10.0,,,0.3333333333333333,3.0,1.0,1.1,,,6.166666666666667,188.0,0.3333333333333333,0,0,0,V1
aws-amplify-example-recipe-app-react-native,2,1,3,0,0,2,0,,,,,,,,,,,0,0,0,0,0,,,,,,,,,,,,,,,,,,,,,57,875,6,6,23.0,,,0.5333333333333333,2.0,4.0,0.8695652173913043,,,9.5,272.8333333333333,0.5333333333333334,0,0,0,V1
aws-athena-udfs-textanalytics,2,76,78,0,0,0,1,,,,,,,,,,,0,3,1,24,0,,,,,,,,,,,,,,,,,,,,,74,1103,8,6,22.0,1.0,0.75,0.3214285714285714,3.0,1.0,0.8181818181818182,2.0,2.0,9.25,190.375,0.3214285714285714,0,0,0,V1
aws-cognito-java-desktop-app,6,160,166,0,0,0,0,,,,,,,,,,,0,1,0,141,0,,,,,,,,,,,,,,,,,,,,,39,2368,15,7,7.0,10.0,0.9047619047619048,0.3142857142857143,5.0,2.0,1.7142857142857142,2.4,2.3,2.6,211.2,0.3142857142857143,1,0,0,V1
clickstream-consumer-for-apache-kafka,13,192,205,0,0,3,1,,,,,,,,,,,0,8,1,164,0,,,,,,,,,,,,,,,,,,,,,46,1812,9,6,26.0,,,0.3055555555555556,3.0,2.0,1.0384615384615383,,,5.111111111111111,443.1111111111111,0.3055555555555556,0,0,0,V1
clickstream-producer-for-apache-kafka,11,248,259,0,0,2,1,,,,,,,,,,,0,12,3,187,0,,,,,,,,,,,,,,,,,,,,,57,1823,11,7,26.0,2.0,0.7777777777777778,0.2727272727272727,4.0,2.0,1.0769230769230769,1.5,1.5,5.181818181818182,379.8181818181818,0.2727272727272727,0,0,1,V1
data-engineering-for-aws-immersion-day,5,12,17,0,0,2,1,,,,,,,,,,,0,0,1,5,0,,,,,,,,,,,,,,,,,,,,,119,2301,11,6,31.0,13.0,0.9545454545454546,0.2909090909090909,3.0,1.0,1.7096774193548387,2.1538461538461537,1.8461538461538465,10.818181818181818,409.1818181818182,0.2909090909090909,1,0,1,V1
integration-sample-lambda-msk,1,21,22,0,0,1,0,,,,,,,,,,,0,0,0,12,0,,,,,,,,,,,,,,,,,,,,,43,1734,10,6,20.0,2.0,1.0,0.2,3.0,0.0,1.2,2.0,1.5,4.3,194.6,0.1999999999999999,1,0,1,V1
reactive-refarch-cloudformation,8,18,26,0,0,5,1,,,,,,,,,,,0,0,1,9,0,,,,,,,,,,,,,,,,,,,,,130,2370,8,5,23.0,2.0,0.5,0.4642857142857143,3.0,4.0,1.3478260869565215,2.0,2.5,16.25,549.25,0.4642857142857142,0,0,0,V1
java-demoapp,10,13,23,0,0,10,0,,,,,,,,,,,0,0,0,6,0,,,,,,,,,,,,,,,,,,,,,39,620,1,2,2.0,1.0,0.75,0.0,1.0,1.0,2.0,1.0,0.0,39.0,621.0,1.0,0,0,0,V1
upacademyJavaStarterExamples,216,150,366,0,0,157,12,,,,,,,,,,,0,6,4,128,0,,,,,,,,,,,,,,,,,,,,,23,46,2,1,,,,1.0,1.0,2.0,,,,11.5,35.0,1.0,0,1,0,V1
cleanarch,37,44,81,0,0,35,0,,,,,,,,,,,0,0,3,15,0,,,,,,,,,,,,,,,,,,,,,8,339,2,2,1.0,3.0,0.6,1.0,1.0,2.0,2.0,2.0,1.3333333333333333,4.0,170.5,1.0,0,0,0,V1
Java-Learning,1,5,6,0,0,1,0,,,,,,,,,,,0,0,0,4,0,,,,,,,,,,,,,,,,,,,,,87,2160,3,2,14.0,8.0,0.9473684210526316,0.6666666666666666,1.0,1.0,1.5714285714285714,2.0,1.75,29.0,725.3333333333334,0.6666666666666666,1,0,0,V1
JavaSampleCodeIS2104,52,78,130,0,0,52,0,,,,,,,,,,,0,2,0,71,0,,,,,,,,,,,,,,,,,,,,,1,0,1,1,,,,,,,,,,1.0,1.0,,0,1,0,V1
java-tensorflow-samples,19,94,113,0,0,16,1,,,,,,,,,,,0,2,0,79,0,,,,,,,,,,,,,,,,,,,,,29,29,1,1,,,,0.0,1.0,1.0,,,,29.0,30.0,1.0,0,1,0,V1
azurejava,2,1,3,0,0,2,0,,,,,,,,,,,0,0,0,0,0,,,,,,,,,,,,,,,,,,,,,2,0,2,1,,,,,,,,,,1.0,1.0,,0,1,0,V1
java-code-demo,14,38,52,0,0,13,0,,,,,,,,,,,0,0,0,28,0,,,,,,,,,,,,,,,,,,,,,42,420,3,1,1.0,1.0,-0.5,1.0,1.0,3.0,0.0,2.0,1.0,14.0,141.0,1.0,0,0,0,V1
olami-nlu-samples-java,19,277,296,0,0,5,6,,,,,,,,,,,2,9,3,225,0,,,,,,,,,,,,,,,,,,,,,2,0,1,1,,,,,,,,,,2.0,1.0,,0,1,0,V1
htm.java-examples,16,328,344,0,0,10,1,,,,,,,,,,,0,6,4,297,0,,,,,,,,,,,,,,,,,,,,,58,388,5,5,,,,0.5,2.0,1.0,,,,11.6,89.8,0.5,0,1,0,V1
OpenPgp-BounceCastle-Example,1,15,16,0,0,1,0,,,,,,,,,,,0,1,3,2,0,,,,,,,,,,,,,,,,,,,,,6,1166,2,2,1.0,6.0,0.75,1.0,1.0,2.0,1.0,1.6666666666666667,1.0,3.0,584.0,1.0,0,0,0,V1
pe-solutions-in-java,5,45,50,0,0,4,0,,,,,,,,,,,0,0,0,44,0,,,,,,,,,,,,,,,,,,,,,24,87,2,2,4.0,,,1.0,1.0,2.0,2.0,,,12.0,48.0,1.0,0,0,0,V1
gs-testing-web,8,1,9,0,0,8,0,,,,,,,,,,,0,0,0,0,0,,,,,,,,,,,,,,,,,,,,,3,0,2,1,,,,,,,,,,1.5,1.0,,0,1,0,V1
Dr.Know,2,5,7,0,0,2,0,,,,,,,,,,,0,0,0,3,0,,,,,,,,,,,,,,,,,,,,,18,2,2,1,,,,1.0,1.0,2.0,,,,9.0,2.0,1.0,0,1,0,V1
CoreJava,136,564,700,0,0,119,1,,,,,,,,,,,3,14,0,498,0,,,,,,,,,,,,,,,,,,,,,17,1184,2,1,,3.0,,1.0,1.0,2.0,,1.0,0.0,8.5,644.5,1.0,0,0,0,V1
testcontainers.testcontainers-java-examples,25,19,44,0,0,12,9,,,,,,,,,,,0,0,0,14,0,,,,,,,,,,,,,,,,,,,,,32,940,6,8,9.0,5.0,0.9090909090909092,0.4,3.0,1.0,2.0,1.4,2.4,5.333333333333333,208.83333333333331,0.4,1,0,0,V1
Java-Tutorial,3,16,19,0,0,3,0,,,,,,,,,,,0,2,0,14,0,,,,,,,,,,,,,,,,,,,,,151,2588,5,2,29.0,10.0,0.9285714285714286,0.4,1.0,1.0,0.4137931034482758,1.6,0.9,30.2,518.6,0.4,1,0,0,V1
javademos,35,60,95,0,0,31,0,,,,,,,,,,,0,0,1,57,0,,,,,,,,,,,,,,,,,,,,,117,1405,2,3,1.0,,,1.0,1.0,2.0,2.0,,,58.5,703.5,1.0,0,0,0,V1
basyx-java-examples,261,336,597,0,0,189,32,,,,,,,,,,,0,2,47,88,0,,,,,,,,,,,,,,,,,,,,,281,860,16,3,209.0,7.0,0.8333333333333334,0.35,3.0,3.0,0.9952153110047848,2.142857142857143,3.4285714285714284,17.5625,171.875,0.35,0,0,0,V1
weatherApp,5,20,25,0,0,4,1,,,,,,,,,,,0,1,1,16,0,,,,,,,,,,,,,,,,,,,,,1,0,1,1,,,,,,,,,,1.0,1.0,,0,1,0,V1
item-manager,4,3,7,0,0,3,0,,,,,,,,,,,0,0,0,3,0,,,,,,,,,,,,,,,,,,,,,4,90,1,2,,,,0.0,1.0,1.0,,,,4.0,91.0,1.0,0,1,0,V1
elasticsearch,6,13,19,0,0,4,0,,,,,,,,,,,0,0,0,7,0,,,,,,,,,,,,,,,,,,,,,60912,4252,1842,26,,,,,,,,,,33.068403908794785,191.74049945711184,,0,1,0,V1
on_the_road_java,89,57,146,0,0,66,12,,,,,,,,,,,0,0,0,51,0,,,,,,,,,,,,,,,,,,,,,43,248,1,2,,,,0.0,1.0,1.0,,,,43.0,249.0,1.0,0,1,0,V1
cqrs-lottery,97,105,202,0,0,54,7,,,,,,,,,,,0,0,4,32,0,,,,,,,,,,,,,,,,,,,,,18,29,1,1,,,,0.0,1.0,1.0,,,,18.0,30.0,1.0,0,1,0,V1
RxJavaDemoApplication,27,85,112,0,0,9,15,,,,,,,,,,,0,1,3,64,0,,,,,,,,,,,,,,,,,,,,,5,147,1,1,,,,0.0,1.0,1.0,,,,5.0,148.0,1.0,0,1,0,V1
java-tuto-1,38,65,103,0,0,38,0,,,,,,,,,,,0,0,0,58,0,,,,,,,,,,,,,,,,,,,,,18,490,2,2,,,,1.0,1.0,2.0,,,,9.0,251.5,1.0,0,1,0,V1
spark-cassandra-java-example,1,31,32,0,0,0,0,,,,,,,,,,,0,0,0,23,0,,,,,,,,,,,,,,,,,,,,,5,19,2,1,,1.0,,1.0,1.0,2.0,,1.0,0.0,2.5,10.5,1.0,0,0,0,V1
solent2Public,1908,1803,3711,0,0,1683,111,,,,,,,,,,,3,80,41,1229,0,,,,,,,,,,,,,,,,,,,,,733,1181,7,2,29.0,12.0,0.1666666666666666,0.7142857142857143,1.0,5.0,1.0344827586206895,1.0,0.0,104.71428571428572,499.57142857142856,0.7142857142857143,0,0,0,V1
bazel-java,18,15,33,0,0,12,5,,,,,,,,,,,0,0,0,11,0,,,,,,,,,,,,,,,,,,,,,52,2755,2,2,1.0,1.0,0.3333333333333333,1.0,1.0,2.0,1.0,2.0,3.0,26.0,1378.5,1.0,0,0,0,V1
java-hospital-patients-registry,5,5,10,0,0,3,1,,,,,,,,,,,0,0,0,4,0,,,,,,,,,,,,,,,,,,,,,13,91,2,1,,,,1.0,1.0,2.0,,,,6.5,46.5,1.0,0,1,0,V1
tutorial,39,14,53,0,0,38,0,,,,,,,,,,,0,0,2,6,0,,,,,,,,,,,,,,,,,,,,,208,1670,4,2,15.0,1.0,-0.5,0.6666666666666666,1.0,3.0,0.8,2.0,29.0,52.0,967.75,0.6666666666666666,0,0,0,V1
jnao-example,86,259,345,0,0,40,17,,,,,,,,,,,3,10,3,216,0,,,,,,,,,,,,,,,,,,,,,38,38,3,3,,1.0,,1.0,1.0,3.0,,2.0,8.0,12.666666666666666,14.0,1.0,0,0,0,V1
Java-Samples,14,1,15,0,0,14,0,,,,,,,,,,,0,0,0,1,0,,,,,,,,,,,,,,,,,,,,,368,4248,29,12,1641.0,103.0,1.0,0.1477832512315271,7.0,0.0,3.271785496648385,2.349514563106796,1.7766990291262137,12.689655172413794,237.44827586206893,0.147783251231527,1,0,1,V1
graphql-java-examples,35,31,66,0,0,32,1,,,,,,,,,,,0,0,2,12,0,,,,,,,,,,,,,,,,,,,,,54,1566,8,3,43.0,3.0,0.5,0.6071428571428571,2.0,6.0,0.5116279069767442,1.6666666666666667,0.6666666666666666,6.75,230.375,0.6071428571428571,0,0,0,V1
grpc-java,2,1,3,0,0,2,0,,,,,,,,,,,0,0,0,1,0,,,,,,,,,,,,,,,,,,,,,7022,4052,463,17,,,0.0,0.0659822538872215,3.0,3.0,,,,15.166306695464362,205.34341252699784,0.0659822538872215,0,1,1,V1
gst1-java-examples,35,272,307,0,0,31,0,,,,,,,,,,,4,3,3,223,0,,,,,,,,,,,,,,,,,,,,,49,2538,5,5,15.0,9.0,0.9411764705882352,0.3,2.0,1.0,1.3333333333333333,2.555555555555556,3.4444444444444446,9.8,388.6,0.3,1,0,0,V1
JavaProject1,1,0,1,0,0,1,0,,,,,,,,,,,0,0,0,0,0,,,,,,,,,,,,,,,,,,,,,1,0,1,1,,,,,,,,,,1.0,1.0,,0,1,0,V1
JavaTutorial,1,1,2,0,0,1,0,,,,,,,,,,,0,0,0,0,0,,,,,,,,,,,,,,,,,,,,,190,2066,9,1,12.0,38.0,0.9777777777777776,0.3888888888888889,3.0,1.0,1.6666666666666667,1.763157894736842,1.2894736842105263,21.11111111111111,230.55555555555557,0.3888888888888889,1,0,0,V1
msa-ddd-eventsourcing,68,26,94,0,0,56,0,,,,,,,,,,,0,0,12,2,0,,,,,,,,,,,,,,,,,,,,,70,60,6,1,18.0,6.0,-0.2,1.0,1.0,6.0,1.1666666666666667,1.5,1.0,11.666666666666666,15.666666666666666,1.0,0,0,0,V1
JavaSamplesCode,5,8,13,0,0,5,0,,,,,,,,,,,0,0,0,8,0,,,,,,,,,,,,,,,,,,,,,2,1,1,1,,,,0.0,1.0,1.0,,,,2.0,2.0,1.0,0,1,0,V1
SpringBoot-Java-Demo-application,6,4,10,0,0,5,1,,,,,,,,,,,0,0,0,2,0,,,,,,,,,,,,,,,,,,,,,3,0,1,1,,,,,,,,,,3.0,1.0,,0,1,0,V1
javaplays-alchemyapi,12,2,14,0,0,12,0,,,,,,,,,,,0,0,0,0,0,,,,,,,,,,,,,,,,,,,,,8,35,2,2,,,,1.0,1.0,2.0,,,,4.0,16.5,1.0,0,1,0,V1
stock-trading-with-java-isc1128,32,195,227,0,0,25,2,,,,,,,,,,,0,16,24,98,0,,,,,,,,,,,,,,,,,,,,,43,303,5,2,12.0,1.0,0.8333333333333334,0.6,2.0,1.0,2.1666666666666665,1.0,0.0,8.6,110.6,0.6,0,0,0,V1
JavaWithMosh,2,11,13,0,0,2,0,,,,,,,,,,,0,0,0,10,0,,,,,,,,,,,,,,,,,,,,,10,7,1,1,,,,0.0,1.0,1.0,,,,10.0,8.0,1.0,0,1,0,V1
TA-Lib-Java-Examples,4,0,4,0,0,2,2,,,,,,,,,,,0,0,0,0,0,,,,,,,,,,,,,,,,,,,,,4,1302,3,2,1.0,3.0,0.75,0.6666666666666666,1.0,1.0,2.0,1.3333333333333333,0.6666666666666666,1.3333333333333333,435.0,0.6666666666666666,0,0,0,V1
oracle-spatial-visualizer-demo,2,9,11,0,0,2,0,,,,,,,,,,,0,0,0,9,0,,,,,,,,,,,,,,,,,,,,,5,0,1,1,,,,,,,,,,5.0,1.0,,0,1,0,V1
javazuki-sample-codes,8,7,15,0,0,6,1,,,,,,,,,,,0,0,0,7,0,,,,,,,,,,,,,,,,,,,,,10,209,2,1,,,,1.0,1.0,2.0,,,,5.0,105.5,1.0,0,1,0,V1
encog-java-examples,106,760,866,0,0,32,64,,,,,,,,,,,0,10,7,700,0,,,,,,,,,,,,,,,,,,,,,732,3333,9,4,4.0,,,0.2777777777777778,3.0,1.0,1.5,,,81.33333333333333,512.6666666666666,0.2777777777777778,0,0,1,V1
java-ort-example-yolov5,8,84,92,0,0,5,1,,,,,,,,,,,0,0,6,77,0,,,,,,,,,,,,,,,,,,,,,11,238,4,1,3.0,8.0,0.5714285714285714,0.5,2.0,3.0,1.0,2.0,3.25,2.75,28.25,0.5,0,0,0,V1
javafx-examples,11,49,60,0,0,11,0,,,,,,,,,,,0,0,0,47,0,,,,,,,,,,,,,,,,,,,,,100,78,4,3,9.0,5.0,0.7142857142857143,1.0,1.0,4.0,1.8888888888888888,1.8,2.0,25.0,20.75,1.0,0,0,0,V1
Java-Code-Samples,10,9,19,0,0,10,0,,,,,,,,,,,0,0,0,9,0,,,,,,,,,,,,,,,,,,,,,14,94,3,3,,,,0.3333333333333333,2.0,0.0,,,,4.666666666666667,1.0,0.3333333333333333,0,1,0,V1
gitstafette-explorer,2,1,3,0,0,2,0,,,,,,,,,,,0,0,0,0,0,,,,,,,,,,,,,,,,,,,,,5,177,1,2,,,,0.0,1.0,1.0,,,,5.0,178.0,1.0,0,1,0,V1
JavaTutorialProject,6,11,17,0,0,6,0,,,,,,,,,,,0,0,0,11,0,,,,,,,,,,,,,,,,,,,,,1,0,1,1,,,,,,,,,,1.0,1.0,,0,1,0,V1
alfresco-api-java-examples,93,13,106,0,0,26,30,,,,,,,,,,,0,0,1,2,0,,,,,,,,,,,,,,,,,,,,,17,1325,2,4,2.0,5.0,0.5,1.0,1.0,2.0,1.5,1.0,0.0,8.5,663.5,1.0,0,0,0,V1
play-demo-twitbookplus,12,10,22,0,0,6,5,,,,,,,,,,,0,0,2,5,0,,,,,,,,,,,,,,,,,,,,,7,0,1,1,,,,,,,,,,7.0,1.0,,0,1,0,V1
java-clean-architecture-example,290,488,778,0,0,211,3,,,,,,,,,,,0,2,5,299,0,,,,,,,,,,,,,,,,,,,,,132,284,1,1,4.0,,,0.0,1.0,1.0,0.75,,,132.0,285.0,1.0,0,0,0,V1
HapiFhirClientDemo,1,2,3,0,0,1,0,,,,,,,,,,,0,0,0,0,0,,,,,,,,,,,,,,,,,,,,,8,1603,3,2,2.0,,,0.3333333333333333,2.0,0.0,0.0,,,2.6666666666666665,34.333333333333336,0.3333333333333333,0,0,0,V1
HapiFhirServiceDemo,4,8,12,0,0,3,1,,,,,,,,,,,0,0,1,0,0,,,,,,,,,,,,,,,,,,,,,4,2,1,1,,,,0.0,1.0,1.0,,,,4.0,3.0,1.0,0,1,0,V1
java-coding-practice,1,67,68,0,0,1,0,,,,,,,,,,,0,1,0,65,0,,,,,,,,,,,,,,,,,,,,,42,370,3,1,21.0,,,1.0,1.0,3.0,1.9523809523809523,,,14.0,247.66666666666663,1.0,0,0,0,V1
JavaRepository,2,4,6,0,0,2,0,,,,,,,,,,,0,0,0,4,0,,,,,,,,,,,,,,,,,,,,,1664,187,20,3,1270.0,,,0.9315789473684212,2.0,19.0,1.8913385826771651,,,83.2,54.4,0.9315789473684212,0,0,0,V1
javaRepo,12,19,31,0,0,12,0,,,,,,,,,,,0,0,0,18,0,,,,,,,,,,,,,,,,,,,,,29,551,3,4,2.0,,,0.6666666666666666,1.0,1.0,1.0,,,9.666666666666666,186.66666666666663,0.6666666666666666,0,0,0,V1
JavaBasicTutorial,12,92,104,0,0,12,0,,,,,,,,,,,0,0,0,92,0,,,,,,,,,,,,,,,,,,,,,9,45,1,1,,,,0.0,1.0,1.0,,,,9.0,46.0,1.0,0,1,0,V1
Java-Appium-Master,1,0,1,0,0,1,0,,,,,,,,,,,0,0,0,0,0,,,,,,,,,,,,,,,,,,,,,3,0,2,1,,,,,,,,,,1.5,1.0,,0,1,0,V1
pit-example,1,2,3,0,0,1,0,,,,,,,,,,,0,0,0,2,0,,,,,,,,,,,,,,,,,,,,,8,1715,2,3,2.0,,,1.0,1.0,2.0,1.5,,,4.0,858.5,1.0,0,0,0,V1
java-demo,0,3,3,0,0,0,0,,,,,,,,,,,0,0,0,3,0,,,,,,,,,,,,,,,,,,,,,143,2022,10,2,6.0,7.0,1.0,0.2222222222222222,3.0,0.0,0.8333333333333334,1.5714285714285714,1.7142857142857142,14.3,394.4,0.2222222222222222,1,0,1,V1
Core-Java---Madhura-Anturkar,402,861,1263,0,0,359,21,,,,,,,,,,,0,12,21,744,0,,,,,,,,,,,,,,,,,,,,,2,0,1,1,,,,,,,,,,2.0,1.0,,0,1,0,V1
MyJavaTutorialProject,13,100,113,0,0,8,2,,,,,,,,,,,0,2,1,95,0,,,,,,,,,,,,,,,,,,,,,2,0,1,1,,,,,,,,,,2.0,1.0,,0,1,0,V1
hazelcast-test,3,4,7,0,0,3,0,,,,,,,,,,,0,0,0,2,0,,,,,,,,,,,,,,,,,,,,,2,0,1,1,,,,,,,,,,2.0,1.0,,0,1,0,V1
javaboy-code-samples,632,488,1120,0,0,551,26,,,,,,,,,,,0,5,2,275,0,,,,,,,,,,,,,,,,,,,,,104,1465,1,1,43.0,7.0,0.9090909090909092,0.0,1.0,1.0,0.0,1.7142857142857142,0.8571428571428571,104.0,1466.0,1.0,1,0,0,V1
levelup-java-examples,389,1944,2333,0,0,381,3,,,,,,,,,,,0,8,2,1756,0,,,,,,,,,,,,,,,,,,,,,592,955,2,4,37.0,1.0,0.6666666666666666,1.0,1.0,2.0,0.1351351351351351,2.0,2.0,296.0,478.5,1.0,0,0,0,V1
api,47,16,63,0,0,38,6,,,,,,,,,,,0,0,0,1,0,,,,,,,,,,,,,,,,,,,,,64,664,5,2,17.0,33.0,0.9782608695652174,0.4,2.0,1.0,2.411764705882353,2.121212121212121,2.212121212121212,12.8,229.8,0.4,1,0,0,V1
kafka-producer-consumer-java-example,1,7,8,0,0,1,0,,,,,,,,,,,0,0,0,4,0,,,,,,,,,,,,,,,,,,,,,4,16,2,2,,,,1.0,1.0,2.0,,,,2.0,9.0,1.0,0,1,0,V1
tensorflow-java,3,11,14,0,0,3,0,,,,,,,,,,,0,0,0,7,0,,,,,,,,,,,,,,,,,,,,,20,739,1,2,,2.0,,0.0,1.0,1.0,,2.0,2.5,20.0,740.0,1.0,0,0,0,V1
Nick_JavaSampleCode,30,113,143,0,0,29,0,,,,,,,,,,,0,0,0,106,0,,,,,,,,,,,,,,,,,,,,,1,0,1,1,,,,,,,,,,1.0,1.0,,0,1,0,V1
old_java_code,16,42,58,0,0,10,5,,,,,,,,,,,0,0,0,28,0,,,,,,,,,,,,,,,,,,,,,3,4,1,1,,,,0.0,1.0,1.0,,,,3.0,5.0,1.0,0,1,0,V1
gs-rest-service-cors,4,2,6,0,0,4,0,,,,,,,,,,,0,0,0,0,0,,,,,,,,,,,,,,,,,,,,,128,1932,13,10,,,,0.2307692307692307,3.0,1.0,,,,9.846153846153848,222.30769230769232,0.2307692307692307,0,1,1,V1
azure-cafe,2,7,9,0,0,2,0,,,,,,,,,,,0,1,0,3,0,,,,,,,,,,,,,,,,,,,,,282,2100,4,5,7.0,,,0.5,2.0,2.0,0.8571428571428571,,,70.5,945.5,0.5,0,0,0,V1
sleuth-documentation-apps,11,37,48,0,0,11,0,,,,,,,,,,,0,0,1,34,0,,,,,,,,,,,,,,,,,,,,,6,21,1,1,,,,0.0,1.0,1.0,,,,6.0,22.0,1.0,0,1,0,V1
the-legacy-app,17,13,30,0,0,13,0,,,,,,,,,,,0,0,0,8,0,,,,,,,,,,,,,,,,,,,,,17,283,3,2,1.0,,,1.0,1.0,3.0,2.0,,,5.666666666666667,95.33333333333331,1.0,0,0,0,V1
effective-java-examples,87,168,255,0,0,65,9,,,,,,,,,,,0,0,2,162,0,,,,,,,,,,,,,,,,,,,,,7,1718,2,2,3.0,1.0,1.0,0.0,2.0,0.0,1.0,4.0,4.0,3.5,294.0,0.0,1,0,0,V1
clean-architecture-example,53,169,222,0,0,39,7,,,,,,,,,,,0,0,4,50,0,,,,,,,,,,,,,,,,,,,,,125,44,3,2,4.0,10.0,0.8421052631578947,1.0,1.0,3.0,1.5,1.8,1.6,41.66666666666666,37.0,1.0,0,0,0,V1
RssDigesterWithCouchbase,3,5,8,0,0,3,0,,,,,,,,,,,0,0,0,4,0,,,,,,,,,,,,,,,,,,,,,9,0,2,1,,,,,,,,,,4.5,1.0,,0,1,0,V1
appium-java-examples,20,79,99,0,0,14,1,,,,,,,,,,,0,0,0,49,0,,,,,,,,,,,,,,,,,,,,,23,1024,1,2,21.0,24.0,0.5,0.0,1.0,1.0,1.0,1.0,0.1666666666666666,23.0,1025.0,1.0,0,0,0,V1
solid,32,8,40,0,0,26,0,,,,,,,,,,,0,0,0,7,0,,,,,,,,,,,,,,,,,,,,,23,1,1,1,2.0,10.0,0.9166666666666666,0.0,1.0,1.0,1.0,1.1,0.1,23.0,2.0,1.0,1,0,0,V1
sdacademy-examples,222,396,618,0,0,204,0,,,,,,,,,,,1,1,1,332,0,,,,,,,,,,,,,,,,,,,,,234,666,4,2,16.0,,,1.0,1.0,4.0,0.5,,,58.5,173.25,1.0,0,0,0,V1
JavaSampleCode,65,118,183,0,0,59,2,,,,,,,,,,,0,1,0,114,0,,,,,,,,,,,,,,,,,,,,,17,90,3,1,,,,1.0,1.0,3.0,,,,5.666666666666667,31.0,1.0,0,1,0,V1
graphql-examples,44,14,58,0,0,28,0,,,,,,,,,,,0,0,0,4,0,,,,,,,,,,,,,,,,,,,,,5,1,1,1,,,,0.0,1.0,1.0,,,,5.0,2.0,1.0,0,1,0,V1
deadbolt-2-java-examples,22,7,29,0,0,19,3,,,,,,,,,,,0,0,0,1,0,,,,,,,,,,,,,,,,,,,,,47,1217,5,3,3.0,5.0,1.0,0.4,2.0,0.0,1.3333333333333333,1.6,1.6,9.4,205.4,0.4,1,0,0,V1
Core-Java,432,1822,2254,0,0,396,5,,,,,,,,,,,0,9,13,1663,0,,,,,,,,,,,,,,,,,,,,,132,1513,1,1,5.0,4.0,0.75,0.0,1.0,1.0,0.0,1.0,0.25,132.0,1514.0,1.0,0,0,0,V1
cap-java-bookstore-app,1,0,1,0,0,1,0,,,,,,,,,,,0,0,0,0,0,,,,,,,,,,,,,,,,,,,,,5,13,1,1,,,,0.0,1.0,1.0,,,,5.0,14.0,1.0,0,1,0,V1
Java_Tutorials-Projects,69,670,739,0,0,62,1,,,,,,,,,,,2,12,1,623,0,,,,,,,,,,,,,,,,,,,,,6,16,1,1,,,,0.0,1.0,1.0,,,,6.0,17.0,1.0,0,1,0,V1
JavaApp,13,3,16,0,0,5,0,,,,,,,,,,,0,0,0,1,0,,,,,,,,,,,,,,,,,,,,,33,1841,5,2,,,,0.2,3.0,0.0,,,,6.6,84.6,0.2,0,1,1,V1
JavaExamplesInterviewQuestions,18,28,46,0,0,18,0,,,,,,,,,,,0,0,0,25,0,,,,,,,,,,,,,,,,,,,,,22,0,2,1,,,,,,,,,,11.0,1.0,,0,1,0,V1
JavaCode,10,7,17,0,0,9,0,,,,,,,,,,,0,0,0,7,0,,,,,,,,,,,,,,,,,,,,,4,907,2,1,7.0,2.0,1.0,0.0,2.0,0.0,1.2857142857142858,1.5,0.5,2.0,169.0,0.0,1,0,0,V1
JavaSnippets,1,1,2,0,0,1,0,,,,,,,,,,,0,0,0,1,0,,,,,,,,,,,,,,,,,,,,,50,47,2,1,,,,1.0,1.0,2.0,,,,25.0,24.5,1.0,0,1,0,V1
SparkJavaExamples,5,82,87,0,0,5,0,,,,,,,,,,,0,0,0,70,0,,,,,,,,,,,,,,,,,,,,,1,0,1,1,,,,,,,,,,1.0,1.0,,0,1,0,V1
neow3j-examples-java,51,59,110,0,0,46,5,,,,,,,,,,,0,4,3,20,0,,,,,,,,,,,,,,,,,,,,,351,2616,9,6,20.0,20.0,0.8181818181818182,0.3333333333333333,3.0,2.0,1.85,2.4,3.05,39.0,651.1111111111111,0.3333333333333333,0,0,0,V1
unsafe-java-world,8,30,38,0,0,4,3,,,,,,,,,,,0,0,0,24,0,,,,,,,,,,,,,,,,,,,,,8,266,3,3,2.0,,,0.6666666666666666,1.0,1.0,2.0,,,2.6666666666666665,89.66666666666667,0.6666666666666666,0,0,0,V1
SomeCode,6,5,11,0,0,4,0,,,,,,,,,,,0,0,0,5,0,,,,,,,,,,,,,,,,,,,,,3,1,1,1,,,,0.0,1.0,1.0,,,,3.0,2.0,1.0,0,1,0,V1
java-codebits-cellar,40,53,93,0,0,25,4,,,,,,,,,,,0,0,0,49,0,,,,,,,,,,,,,,,,,,,,,38,8,1,1,,5.0,,0.0,1.0,1.0,,1.0,3.2,38.0,9.0,1.0,0,0,0,V1
auth0-full-stack-java-example,76,197,273,0,0,58,6,,,,,,,,,,,0,3,2,21,0,,,,,,,,,,,,,,,,,,,,,71,211,1,2,14.0,3.0,0.75,0.0,1.0,1.0,1.0714285714285714,1.6666666666666667,2.6666666666666665,71.0,212.0,1.0,0,0,0,V1
opentelemetry-java-examples,92,257,349,0,0,88,3,,,,,,,,,,,0,0,3,136,0,,,,,,,,,,,,,,,,,,,,,928,1556,39,13,,50.0,0.9245283018867924,0.2348178137651821,4.0,4.0,,2.2,3.02,23.7948717948718,220.8717948717949,0.2348178137651821,1,0,1,V1
cloud-asset-erp-dataloading-using-java,2,9,11,0,0,2,0,,,,,,,,,,,0,0,0,0,0,,,,,,,,,,,,,,,,,,,,,7,1030,1,1,,,,0.0,1.0,1.0,,,,7.0,1031.0,1.0,0,1,0,V1
java-design-patterns-1,91,39,130,0,0,62,6,,,,,,,,,,,0,0,0,33,0,,,,,,,,,,,,,,,,,,,,,27,272,1,1,,,,0.0,1.0,1.0,,,,27.0,273.0,1.0,0,1,0,V1
opencv-test,7,28,35,0,0,5,0,,,,,,,,,,,0,2,0,19,0,,,,,,,,,,,,,,,,,,,,,8,5,2,1,,1.0,,1.0,1.0,2.0,,1.0,0.0,4.0,3.5,1.0,0,0,0,V1
java-tutorial-project,6,2,8,0,0,5,0,,,,,,,,,,,0,0,0,0,0,,,,,,,,,,,,,,,,,,,,,4,10,1,2,,,,0.0,1.0,1.0,,,,4.0,11.0,1.0,0,1,0,V1
janusgraph-java-example,1,3,4,0,0,1,0,,,,,,,,,,,0,0,0,3,0,,,,,,,,,,,,,,,,,,,,,6,509,1,1,,2.0,,0.0,1.0,1.0,,2.0,1.5,6.0,510.0,1.0,0,0,0,V1
java-lessons-landfill,70,114,184,0,0,65,3,,,,,,,,,,,0,0,0,101,0,,,,,,,,,,,,,,,,,,,,,47,44,2,1,,,,1.0,1.0,2.0,,,,23.5,23.0,1.0,0,1,0,V1
javafx-demodesktop-application,2,4,6,0,0,2,0,,,,,,,,,,,0,0,0,4,0,,,,,,,,,,,,,,,,,,,,,1,0,1,1,,,,,,,,,,1.0,1.0,,0,1,0,V1
Java-Demo-Application,14,321,335,0,0,3,1,,,,,,,,,,,2,0,0,309,0,,,,,,,,,,,,,,,,,,,,,155,65,2,1,1.0,,,1.0,1.0,2.0,0.0,,,77.5,38.5,1.0,0,0,0,V1
redisson-examples,61,200,261,0,0,57,0,,,,,,,,,,,0,0,0,192,0,,,,,,,,,,,,,,,,,,,,,24,2871,7,5,7.0,22.0,1.0,0.1428571428571428,4.0,0.0,1.4285714285714286,1.6363636363636365,1.5,3.4285714285714284,499.0,0.1428571428571428,1,0,1,V1
JavaSamples,0,0,0,0,0,0,0,,,,,,,,,,,0,0,0,0,0,,,,,,,,,,,,,,,,,,,,,18,238,2,1,,,,1.0,1.0,2.0,,,,9.0,219.0,1.0,0,1,0,V1
gemini-function-calling,4,18,22,0,0,4,0,,,,,,,,,,,0,0,0,0,0,,,,,,,,,,,,,,,,,,,,,14,10,1,1,,,,0.0,1.0,1.0,,,,14.0,11.0,1.0,0,1,0,V1
spring-javafx-examples,44,0,44,0,0,32,0,,,,,,,,,,,0,0,0,0,0,,,,,,,,,,,,,,,,,,,,,41,360,2,2,,12.0,,1.0,1.0,2.0,,2.0,1.6666666666666667,20.5,302.5,1.0,0,0,0,V1
akka-java-examples,18,17,35,0,0,13,5,,,,,,,,,,,0,0,0,16,0,,,,,,,,,,,,,,,,,,,,,12,33,1,2,3.0,2.0,0.8333333333333334,0.0,1.0,1.0,1.3333333333333333,2.0,1.5,12.0,34.0,1.0,0,0,0,V1
MasteringJava,154,198,352,0,0,118,4,,,,,,,,,,,0,0,1,194,0,,,,,,,,,,,,,,,,,,,,,85,132,1,1,,,,0.0,1.0,1.0,,,,85.0,133.0,1.0,0,1,0,V1
sendOTPSample-JAVA,2,3,5,0,0,0,2,,,,,,,,,,,0,0,0,0,0,,,,,,,,,,,,,,,,,,,,,1,0,1,1,,,,,,,,,,1.0,1.0,,0,1,0,V1
java_programming_language,35,232,267,0,0,35,0,,,,,,,,,,,0,4,12,195,0,,,,,,,,,,,,,,,,,,,,,56,599,1,2,,,,0.0,1.0,1.0,,,,56.0,600.0,1.0,0,1,0,V1
Defeat-JAVA,306,2233,2539,0,0,255,14,,,,,,,,,,,7,48,7,2033,0,,,,,,,,,,,,,,,,,,,,,283,438,76,8,124.0,44.0,0.2083333333333333,1.0,1.0,76.0,1.991935483870968,2.6818181818181817,2.477272727272727,3.723684210526316,7.605263157894737,1.0,0,0,0,V1
Core-Java-Tutorial-Projects,1,6,7,0,0,1,0,,,,,,,,,,,0,0,0,6,0,,,,,,,,,,,,,,,,,,,,,4,0,1,1,,,,,,,,,,4.0,1.0,,0,1,0,V1
grpc-by-example-java,63,113,176,0,0,57,2,,,,,,,,,,,0,0,1,60,0,,,,,,,,,,,,,,,,,,,,,130,1577,12,11,112.0,18.0,0.9629629629629628,0.303030303030303,2.0,1.0,1.2410714285714286,1.4444444444444444,0.9444444444444444,10.833333333333334,213.25,0.303030303030303,1,0,0,V1
VeraDemoCircleCI,3,74,77,0,0,3,0,,,,,,,,,,,2,1,1,62,0,,,,,,,,,,,,,,,,,,,,,117,1155,4,3,,,,0.6666666666666666,1.0,3.0,,,,29.25,286.0,0.6666666666666666,0,1,0,V1
GraphSearch,7,30,37,0,0,1,2,,,,,,,,,,,0,0,0,30,0,,,,,,,,,,,,,,,,,,,,,72,1173,2,2,2.0,,,0.0,2.0,0.0,1.0,,,36.0,29.5,0.0,0,0,0,V1
day12-face-detection,0,2,2,0,0,0,0,,,,,,,,,,,0,0,0,1,0,,,,,,,,,,,,,,,,,,,,,2,0,1,1,,,,,,,,,,2.0,1.0,,0,1,0,V1
core-java-ref,9,12,21,0,0,6,1,,,,,,,,,,,0,0,0,12,0,,,,,,,,,,,,,,,,,,,,,3,0,1,1,,,,,,,,,,3.0,1.0,,0,1,0,V1
potential-octo-chainsaw,36,55,91,0,0,19,2,,,,,,,,,,,0,0,1,43,0,,,,,,,,,,,,,,,,,,,,,22,39,1,1,,,,0.0,1.0,1.0,,,,22.0,40.0,1.0,0,1,0,V1
ctrader-open-api-v2-java-example,13,54,67,0,0,5,3,,,,,,,,,,,0,1,0,18,0,,,,,,,,,,,,,,,,,,,,,31,2057,10,4,13.0,8.0,1.0,0.2222222222222222,4.0,0.0,1.3846153846153846,2.0,2.375,3.1,396.6,0.2222222222222222,1,0,1,V1
feign-eureka,0,1,1,0,0,0,0,,,,,,,,,,,0,0,0,0,0,,,,,,,,,,,,,,,,,,,,,22,3700,7,5,9.0,12.0,1.0,0.0,7.0,0.0,2.0,2.0,1.8333333333333333,3.142857142857143,263.42857142857144,0.0,1,0,1,V1
sleuth-issues,41,63,104,0,0,39,1,,,,,,,,,,,0,0,0,26,0,,,,,,,,,,,,,,,,,,,,,245,2407,12,8,182.0,1.0,0.3333333333333333,0.3787878787878788,2.0,4.0,0.8681318681318682,1.0,0.0,20.416666666666668,425.1666666666667,0.3787878787878788,0,0,0,V1
gs-accessing-data-jpa,3,0,3,0,0,3,0,,,,,,,,,,,0,0,0,0,0,,,,,,,,,,,,,,,,,,,,,272,4596,43,10,57.0,27.0,1.0,0.0874861572535991,5.0,0.0,1.6666666666666667,2.1481481481481484,1.5555555555555556,6.325581395348837,187.93023255813952,0.0874861572535991,1,0,1,V1
gs-accessing-data-mongodb,4,1,5,0,0,3,1,,,,,,,,,,,0,0,0,1,0,,,,,,,,,,,,,,,,,,,,,251,4598,29,10,33.0,23.0,1.0,0.0935960591133004,9.0,0.0,1.4848484848484849,2.869565217391304,2.1739130434782608,8.655172413793103,206.24137931034485,0.0935960591133004,1,0,1,V1
gs-accessing-data-mysql,5,0,5,0,0,4,0,,,,,,,,,,,0,0,0,0,0,,,,,,,,,,,,,,,,,,,,,188,4489,32,12,45.0,32.0,1.0,0.0665322580645161,13.0,0.0,1.711111111111111,4.28125,4.78125,5.875,174.65625,0.0665322580645161,1,0,1,V1
gs-accessing-data-neo4j,3,1,4,0,0,2,1,,,,,,,,,,,0,0,0,0,0,,,,,,,,,,,,,,,,,,,,,256,4668,32,10,30.0,19.0,1.0,0.1028225806451613,8.0,0.0,1.9666666666666663,1.8421052631578947,1.2105263157894737,8.0,243.28125,0.1028225806451612,1,0,1,V1
gs-accessing-data-r2dbc,2,5,7,0,0,2,0,,,,,,,,,,,0,0,0,4,0,,,,,,,,,,,,,,,,,,,,,138,4488,18,8,11.0,2.0,1.0,0.0718954248366013,7.0,0.0,1.0909090909090908,3.0,2.5,7.666666666666667,290.8888888888889,0.0718954248366013,1,0,1,V1
gs-accessing-data-rest,4,11,15,0,0,4,0,,,,,,,,,,,0,0,0,0,0,,,,,,,,,,,,,,,,,,,,,167,4353,23,10,33.0,17.0,1.0,0.1067193675889328,7.0,0.0,1.696969696969697,2.0588235294117645,2.823529411764706,7.260869565217392,358.4782608695652,0.1067193675889328,1,0,1,V1
gs-accessing-mongodb-data-rest,4,11,15,0,0,4,0,,,,,,,,,,,0,0,0,0,0,,,,,,,,,,,,,,,,,,,,,150,4365,21,11,26.0,8.0,1.0,0.0904761904761904,10.0,0.0,1.807692307692308,2.375,2.125,7.142857142857143,193.0,0.0904761904761904,1,0,1,V1
gs-accessing-neo4j-data-rest,4,11,15,0,0,4,0,,,,,,,,,,,0,0,0,0,0,,,,,,,,,,,,,,,,,,,,,172,4367,20,8,30.0,10.0,0.96,0.1052631578947368,8.0,1.0,1.3333333333333333,2.4,2.5,8.6,273.75,0.1052631578947368,1,0,1,V1
gs-accessing-vault,2,0,2,0,0,2,0,,,,,,,,,,,0,0,0,0,0,,,,,,,,,,,,,,,,,,,,,147,4483,18,8,9.0,5.0,1.0,0.130718954248366,7.0,0.0,1.7777777777777777,1.6,0.8,8.166666666666666,243.16666666666663,0.130718954248366,1,0,1,V1
gs-actuator-service,4,2,6,0,0,4,0,,,,,,,,,,,0,0,0,0,0,,,,,,,,,,,,,,,,,,,,,244,4656,32,10,27.0,11.0,1.0,0.0866935483870967,7.0,0.0,2.1481481481481484,1.9090909090909087,0.8181818181818182,7.625,182.15625,0.0866935483870967,1,0,1,V1
gs-async-method,3,4,7,0,0,3,0,,,,,,,,,,,0,0,0,4,0,,,,,,,,,,,,,,,,,,,,,207,4565,24,9,21.0,10.0,1.0,0.0978260869565217,10.0,0.0,1.9047619047619049,2.0,2.1,8.625,233.41666666666663,0.0978260869565217,1,0,1,V1
gs-authenticating-ldap,5,2,7,0,0,5,0,,,,,,,,,,,0,0,0,0,0,,,,,,,,,,,,,,,,,,,,,251,4649,31,9,34.0,27.0,1.0,0.0903225806451612,9.0,0.0,1.7352941176470589,2.6296296296296298,2.185185185185185,8.096774193548388,277.5806451612903,0.0903225806451612,1,0,1,V1
gs-batch-processing,3,6,9,0,0,3,0,,,,,,,,,,,0,0,1,1,0,,,,,,,,,,,,,,,,,,,,,284,4627,36,9,63.0,20.0,1.0,0.0904761904761904,10.0,0.0,1.746031746031746,2.45,2.45,7.888888888888889,203.05555555555557,0.0904761904761904,1,0,1,V1
gs-caching,8,2,10,0,0,8,0,,,,,,,,,,,0,0,0,2,0,,,,,,,,,,,,,,,,,,,,,153,4461,21,8,36.0,3.0,1.0,0.0857142857142857,9.0,0.0,1.3611111111111112,2.6666666666666665,1.0,7.285714285714286,237.6190476190476,0.0857142857142857,1,0,1,V1
gs-centralized-configuration,4,0,4,0,0,4,0,,,,,,,,,,,0,0,0,0,0,,,,,,,,,,,,,,,,,,,,,254,4675,26,9,23.0,12.0,1.0,0.0892307692307692,10.0,0.0,1.7391304347826086,4.25,4.416666666666667,9.76923076923077,351.88461538461536,0.0892307692307692,1,0,1,V1
gs-cloud-circuit-breaker,6,1,7,0,0,6,0,,,,,,,,,,,0,0,0,0,0,,,,,,,,,,,,,,,,,,,,,171,4416,22,10,31.0,5.0,1.0,0.0909090909090909,6.0,0.0,0.967741935483871,2.2,1.4,7.772727272727272,228.0909090909091,0.0909090909090909,1,0,1,V1
gs-consuming-rest,3,0,3,0,0,3,0,,,,,,,,,,,0,0,0,0,0,,,,,,,,,,,,,,,,,,,,,262,4628,35,11,36.0,28.0,1.0,0.1008403361344537,8.0,0.0,2.0277777777777777,2.607142857142857,2.4285714285714284,7.485714285714286,198.11428571428573,0.1008403361344537,1,0,1,V1
gs-consuming-web-service,3,1,4,0,0,3,0,,,,,,,,,,,0,0,0,0,0,,,,,,,,,,,,,,,,,,,,,156,4376,19,11,18.0,50.0,1.0,0.1052631578947368,7.0,0.0,2.111111111111111,2.66,4.0,8.210526315789474,403.89473684210526,0.1052631578947368,1,0,1,V1
gs-contract-rest,14,15,29,0,0,14,0,,,,,,,,,,,0,0,0,9,0,,,,,,,,,,,,,,,,,,,,,153,4484,20,11,13.0,13.0,1.0,0.0947368421052631,11.0,0.0,2.3076923076923075,2.3076923076923075,1.8461538461538465,7.65,205.9,0.0947368421052631,1,0,1,V1
gs-crud-with-vaadin,7,5,12,0,0,7,0,,,,,,,,,,,0,0,0,3,0,,,,,,,,,,,,,,,,,,,,,249,3859,31,10,127.0,22.0,1.0,0.1333333333333333,7.0,0.0,1.795275590551181,2.6818181818181817,2.6818181818181817,8.03225806451613,445.4193548387097,0.1333333333333333,1,0,1,V1
gs-gateway,3,5,8,0,0,3,0,,,,,,,,,,,0,0,0,1,0,,,,,,,,,,,,,,,,,,,,,153,4461,20,9,18.0,9.0,1.0,0.131578947368421,8.0,0.0,1.5,2.0,1.3333333333333333,7.65,264.2,0.131578947368421,1,0,1,V1
gs-handling-form-submission,4,1,5,0,0,4,0,,,,,,,,,,,0,0,0,0,0,,,,,,,,,,,,,,,,,,,,,197,4564,24,8,27.0,11.0,1.0,0.1159420289855072,7.0,0.0,1.4444444444444444,1.9090909090909087,1.5454545454545454,8.208333333333334,231.875,0.1159420289855072,1,0,1,V1
gs-integration,3,0,3,0,0,3,0,,,,,,,,,,,0,0,0,0,0,,,,,,,,,,,,,,,,,,,,,217,4608,24,8,29.0,6.0,1.0,0.1123188405797101,7.0,0.0,1.7586206896551724,2.1666666666666665,2.1666666666666665,9.041666666666666,247.08333333333331,0.1123188405797101,1,0,1,V1
gs-managing-transactions,3,5,8,0,0,3,0,,,,,,,,,,,0,0,0,3,0,,,,,,,,,,,,,,,,,,,,,209,4556,21,7,26.0,4.0,1.0,0.1476190476190476,5.0,0.0,1.1923076923076923,1.5,2.75,9.952380952380953,274.23809523809524,0.1476190476190476,1,0,1,V1
gs-messaging-jms,2,0,2,0,0,2,0,,,,,,,,,,,0,0,0,0,0,,,,,,,,,,,,,,,,,,,,,248,4654,35,10,34.0,20.0,1.0,0.0957983193277311,7.0,0.0,1.6764705882352942,1.75,1.3,7.085714285714285,140.9142857142857,0.095798319327731,1,0,1,V1
gs-messaging-rabbitmq,2,3,5,0,0,2,0,,,,,,,,,,,0,0,0,2,0,,,,,,,,,,,,,,,,,,,,,236,4642,27,9,29.0,20.0,1.0,0.1139601139601139,7.0,0.0,2.1379310344827585,1.8,2.0,8.74074074074074,264.3703703703704,0.1139601139601139,1,0,1,V1
gs-messaging-redis,1,1,2,0,0,1,0,,,,,,,,,,,0,0,0,1,0,,,,,,,,,,,,,,,,,,,,,234,4642,25,9,27.0,12.0,1.0,0.0866666666666666,9.0,0.0,1.8148148148148149,2.75,2.333333333333333,9.36,233.2,0.0866666666666666,1,0,1,V1
gs-messaging-stomp-websocket,5,4,9,0,0,5,0,,,,,,,,,,,0,0,2,2,0,,,,,,,,,,,,,,,,,,,,,188,4539,32,10,47.0,47.0,1.0,0.0786290322580645,9.0,0.0,1.7872340425531914,2.617021276595745,2.617021276595745,5.875,200.09375,0.0786290322580645,1,0,1,V1
gs-multi-module,6,0,6,0,0,5,0,,,,,,,,,,,0,0,0,0,0,,,,,,,,,,,,,,,,,,,,,97,3298,18,10,28.0,35.0,1.0,0.0849673202614379,9.0,0.0,2.0357142857142856,2.0285714285714285,1.9142857142857144,5.388888888888889,261.3888888888889,0.0849673202614379,1,0,1,V1
gs-producing-web-service,6,1,7,0,0,6,0,,,,,,,,,,,0,0,0,0,0,,,,,,,,,,,,,,,,,,,,,175,4420,26,10,27.0,24.0,1.0,0.0953846153846153,11.0,0.0,2.2962962962962963,2.4166666666666665,2.333333333333333,6.730769230769231,230.96153846153845,0.0953846153846153,1,0,1,V1
gs-reactive-rest-service,2,3,5,0,0,2,0,,,,,,,,,,,0,0,0,0,0,,,,,,,,,,,,,,,,,,,,,179,4434,26,9,17.0,12.0,1.0,0.1015384615384615,9.0,0.0,1.9411764705882355,2.5,2.583333333333333,6.884615384615385,229.65384615384616,0.1015384615384615,1,0,1,V1
gs-rest-hateoas,6,4,10,0,0,6,0,,,,,,,,,,,0,0,0,0,0,,,,,,,,,,,,,,,,,,,,,243,4619,29,9,36.0,8.0,1.0,0.0985221674876847,7.0,0.0,1.4722222222222223,2.5,1.875,8.379310344827585,202.93103448275863,0.0985221674876847,1,0,1,V1
gs-rest-service,4,2,6,0,0,4,0,,,,,,,,,,,0,0,0,0,0,,,,,,,,,,,,,,,,,,,,,403,4682,46,11,,64.0,1.0,0.0888888888888888,9.0,0.0,,2.421875,2.65625,8.76086956521739,195.6086956521739,0.0888888888888888,1,0,1,V1
gs-scheduling-tasks,2,2,4,0,0,2,0,,,,,,,,,,,0,0,0,2,0,,,,,,,,,,,,,,,,,,,,,261,4656,26,9,28.0,11.0,1.0,0.1107692307692307,8.0,0.0,1.6071428571428572,3.0,3.090909090909091,10.038461538461538,285.65384615384613,0.1107692307692307,1,0,1,V1
gs-securing-web,5,1,6,0,0,5,0,,,,,,,,,,,0,0,0,0,0,,,,,,,,,,,,,,,,,,,,,289,4615,45,12,63.0,37.0,1.0,0.0848484848484848,9.0,0.0,1.6984126984126984,2.135135135135135,2.108108108108108,6.422222222222223,168.17777777777778,0.0848484848484848,1,0,1,V1
gs-service-registration-and-discovery,5,0,5,0,0,5,0,,,,,,,,,,,0,0,0,0,0,,,,,,,,,,,,,,,,,,,,,241,4654,27,8,29.0,13.0,1.0,0.0968660968660968,10.0,0.0,1.6551724137931034,3.0,2.3076923076923075,8.925925925925926,289.037037037037,0.0968660968660968,1,0,1,V1
gs-serving-web-content,4,0,4,0,0,4,0,,,,,,,,,,,0,0,0,0,0,,,,,,,,,,,,,,,,,,,,,212,4522,28,11,44.0,22.0,1.0,0.1058201058201058,7.0,0.0,1.8863636363636365,2.5,3.0,7.571428571428571,223.07142857142856,0.1058201058201058,1,0,1,V1
gs-spring-boot-docker,4,4,8,0,0,4,0,,,,,,,,,,,0,0,0,0,0,,,,,,,,,,,,,,,,,,,,,202,3964,36,12,59.0,61.0,1.0,0.1079365079365079,7.0,0.0,2.169491525423729,2.114754098360656,2.19672131147541,5.611111111111111,184.05555555555557,0.1079365079365079,1,0,1,V1
gs-spring-boot,5,1,6,0,0,5,0,,,,,,,,,,,0,0,0,0,0,,,,,,,,,,,,,,,,,,,,,270,4573,48,11,,47.0,1.0,0.0789007092198581,10.0,0.0,,2.276595744680851,2.297872340425532,5.625,157.6875,0.0789007092198581,1,0,1,V1
gs-spring-cloud-loadbalancer,9,15,24,0,0,9,0,,,,,,,,,,,0,0,0,6,0,,,,,,,,,,,,,,,,,,,,,55,2325,13,8,11.0,5.0,1.0,0.1282051282051282,5.0,0.0,2.090909090909091,1.8,1.2,4.230769230769231,254.3846153846154,0.1282051282051282,1,0,1,V1
gs-spring-cloud-stream,6,5,11,0,0,6,0,,,,,,,,,,,0,0,0,2,0,,,,,,,,,,,,,,,,,,,,,25,2275,11,5,8.0,3.0,1.0,0.2,6.0,0.0,1.625,1.3333333333333333,0.3333333333333333,2.272727272727273,109.9090909090909,0.2,1,0,1,V1
gs-spring-data-reactive-redis,4,2,6,0,0,4,0,,,,,,,,,,,0,0,0,0,0,,,,,,,,,,,,,,,,,,,,,129,4461,13,6,13.0,10.0,1.0,0.1282051282051282,8.0,0.0,1.0,2.3,1.0,9.923076923076923,230.15384615384616,0.1282051282051282,1,0,1,V1
gs-tanzu-observability,6,4,10,0,0,6,0,,,,,,,,,,,0,0,0,0,0,,,,,,,,,,,,,,,,,,,,,35,1821,10,6,10.0,,,0.1111111111111111,6.0,0.0,1.5,,,3.5,115.3,0.1111111111111111,0,0,1,V1
gs-testing-restdocs,7,5,12,0,0,7,0,,,,,,,,,,,0,0,0,0,0,,,,,,,,,,,,,,,,,,,,,70,3229,16,9,20.0,3.0,1.0,0.1333333333333333,7.0,0.0,1.65,2.0,2.0,4.375,201.75,0.1333333333333333,1,0,1,V1
gs-uploading-files,11,9,20,0,0,9,0,,,,,,,,,,,0,0,0,0,0,,,,,,,,,,,,,,,,,,,,,267,4634,37,12,56.0,53.0,1.0,0.09009009009009,8.0,0.0,1.8035714285714288,2.0754716981132075,1.679245283018868,7.216216216216216,287.3783783783784,0.09009009009009,1,0,1,V1
gs-validating-form-input,4,0,4,0,0,4,0,,,,,,,,,,,0,0,0,0,0,,,,,,,,,,,,,,,,,,,,,240,4637,28,8,35.0,15.0,1.0,0.0925925925925925,7.0,0.0,1.5714285714285714,1.6,1.2,8.571428571428571,175.10714285714286,0.0925925925925925,1,0,1,V1
gs-vault-config,2,0,2,0,0,2,0,,,,,,,,,,,0,0,0,0,0,,,,,,,,,,,,,,,,,,,,,143,4461,22,8,21.0,6.0,1.0,0.0952380952380952,11.0,0.0,1.1904761904761905,1.5,0.8333333333333334,6.5,156.4090909090909,0.0952380952380952,1,0,1,V1
tut-rest,35,17,52,0,0,26,0,,,,,,,,,,,0,0,0,0,0,,,,,,,,,,,,,,,,,,,,,105,2575,21,10,69.0,84.0,1.0,0.1095238095238095,8.0,0.0,1.9855072463768115,2.261904761904762,2.119047619047619,5.0,171.71428571428572,0.1095238095238095,1,0,1,V1
netflix-dgs-example-java,93,103,196,0,0,79,0,,,,,,,,,,,0,1,0,62,0,,,,,,,,,,,,,,,,,,,,,108,417,4,2,6.0,,,0.6666666666666666,1.0,3.0,1.0,,,27.0,136.0,0.6666666666666666,0,0,0,V1
examples-java,190,216,406,0,0,143,34,,,,,,,,,,,0,0,0,134,0,,,,,,,,,,,,,,,,,,,,,7,900,2,2,2.0,2.0,1.0,0.0,2.0,0.0,1.5,2.0,1.0,3.5,17.5,0.0,1,0,0,V1
tensorflow-example-java,12,30,42,0,0,7,0,,,,,,,,,,,0,0,1,19,0,,,,,,,,,,,,,,,,,,,,,20,411,2,2,,7.0,,1.0,1.0,2.0,,2.4285714285714284,5.857142857142857,10.0,206.5,1.0,0,0,0,V1
tensorflow-java-examples-spring,13,35,48,0,0,11,0,,,,,,,,,,,0,0,1,21,0,,,,,,,,,,,,,,,,,,,,,28,411,3,2,1.0,1.0,0.8,0.6666666666666666,1.0,1.0,2.0,4.0,4.0,9.333333333333334,140.66666666666666,0.6666666666666666,0,0,0,V1
syok_with_java,21,14,35,0,0,15,3,,,,,,,,,,,0,0,0,13,0,,,,,,,,,,,,,,,,,,,,,12,0,1,1,,,,,,,,,,12.0,1.0,,0,1,0,V1
Moxtra-Java-Sample-Code,4,12,16,0,0,3,1,,,,,,,,,,,0,1,1,4,0,,,,,,,,,,,,,,,,,,,,,6,0,2,1,,,,,,,,,,3.0,1.0,,0,1,0,V1
Java-application,2,0,2,0,0,2,0,,,,,,,,,,,0,0,0,0,0,,,,,,,,,,,,,,,,,,,,,5,678,2,1,6.0,,,1.0,1.0,2.0,1.1666666666666667,,,2.5,340.0,1.0,0,0,0,V1
telegram-bot,9,2,11,0,0,6,1,,,,,,,,,,,0,0,0,1,0,,,,,,,,,,,,,,,,,,,,,8,50,1,1,1.0,11.0,0.96875,0.0,1.0,1.0,1.0,3.4545454545454546,3.636363636363636,8.0,51.0,1.0,1,0,0,V1
JavaTutorialProjects,94,20,114,0,0,67,13,,,,,,,,,,,0,0,0,20,0,,,,,,,,,,,,,,,,,,,,,3,0,1,1,,,,,,,,,,3.0,1.0,,0,1,0,V1
ThinkingInJava,1051,543,1594,0,0,800,36,,,,,,,,,,,0,6,5,508,0,,,,,,,,,,,,,,,,,,,,,68,305,2,1,,,,1.0,1.0,2.0,,,,34.0,153.5,1.0,0,1,0,V1
demo-java,18,97,115,0,0,5,10,,,,,,,,,,,1,4,0,43,0,,,,,,,,,,,,,,,,,,,,,18,962,1,2,15.0,1.0,0.9411764705882352,0.0,1.0,1.0,1.4666666666666666,3.0,1.0,18.0,963.0,1.0,1,0,0,V1
timrsyncclient,5,12,17,0,0,5,0,,,,,,,,,,,0,0,0,2,0,,,,,,,,,,,,,,,,,,,,,19,1070,3,2,,1.0,,0.0,3.0,0.0,,1.0,0.0,6.333333333333333,291.3333333333333,0.0,0,0,1,V1
taketoday-tutorial4j,10592,24189,34781,0,0,8774,512,,,,,,,,,,,4,87,164,19169,0,,,,,,,,,,,,,,,,,,,,,3025,476,1,1,1.0,1.0,0.6666666666666666,0.0,1.0,1.0,2.0,2.0,0.0,3025.0,477.0,1.0,0,0,0,V1
usb4java-examples,4,30,34,0,0,4,0,,,,,,,,,,,0,1,0,21,0,,,,,,,,,,,,,,,,,,,,,26,2016,2,2,1.0,3.0,0.6,1.0,1.0,2.0,1.0,1.3333333333333333,0.6666666666666666,13.0,1158.0,1.0,0,0,0,V1
usb4java-javax-examples,17,34,51,0,0,6,4,,,,,,,,,,,0,3,2,21,0,,,,,,,,,,,,,,,,,,,,,8,1694,1,2,3.0,2.0,0.8333333333333334,0.0,1.0,1.0,1.0,1.5,0.5,8.0,1695.0,1.0,0,0,0,V1
visa-java-sample-code,187,552,739,0,0,147,0,,,,,,,,,,,0,26,52,103,0,,,,,,,,,,,,,,,,,,,,,4,84,4,1,,,,0.3333333333333333,2.0,0.0,,,,1.0,1.0,0.3333333333333333,0,1,0,V1
wagetracker,13,84,97,0,0,11,1,,,,,,,,,,,0,0,0,52,0,,,,,,,,,,,,,,,,,,,,,2,2,1,1,,,,0.0,1.0,1.0,,,,2.0,3.0,1.0,0,1,0,V1
vydya-java,1,50,51,0,0,1,0,,,,,,,,,,,0,1,0,43,0,,,,,,,,,,,,,,,,,,,,,38,66,4,2,,,,0.5,2.0,2.0,,,,9.5,10.5,0.5,0,1,0,V1
ViniLibJava,2,3,5,0,0,2,0,,,,,,,,,,,0,0,0,3,0,,,,,,,,,,,,,,,,,,,,,9,0,1,1,,,,,,,,,,9.0,1.0,,0,1,0,V1
graphql,29,45,74,0,0,12,0,,,,,,,,,,,0,0,0,23,0,,,,,,,,,,,,,,,,,,,,,13,7,1,1,1.0,1.0,0.0,0.0,1.0,1.0,1.0,1.0,0.0,13.0,8.0,1.0,0,0,0,V1
JavaCodeSamples,2,1,3,0,0,2,0,,,,,,,,,,,0,0,0,0,0,,,,,,,,,,,,,,,,,,,,,11,1419,2,3,1.0,,,1.0,1.0,2.0,2.0,,,5.5,710.5,1.0,0,0,0,V1
MLE5109-Course-samples,87,103,190,0,0,61,11,,,,,,,,,,,0,0,2,87,0,,,,,,,,,,,,,,,,,,,,,23,72,1,2,,,,0.0,1.0,1.0,,,,23.0,73.0,1.0,0,1,0,V1
webapp_with_jetty,1,5,6,0,0,1,0,,,,,,,,,,,0,0,0,1,0,,,,,,,,,,,,,,,,,,,,,1,0,1,1,,,,,,,,,,1.0,1.0,,0,1,0,V1
Java-Examples,2,0,2,0,0,2,0,,,,,,,,,,,0,0,0,0,0,,,,,,,,,,,,,,,,,,,,,83,2551,1,1,6.0,2.0,0.5,0.0,1.0,1.0,0.0,1.0,0.0,83.0,2552.0,1.0,0,0,0,V1
Apace-Spark-Examples,46,286,332,0,0,45,0,0,0,0,0,0,0,0,0,0,0,0,0,0,239,0,0,47,0,0,0,72,108,1165.0,16.18,10.0,1.72,1.5,0.39,0.39,-0.5463,0.0,8.98,1.15,3.0,284.9785,6,20,2,1,,,,1.0,1,2,,,,3,11,1.0,0,1,0,V2
Appium-cross-platform-example,11,3,14,0,0,9,1,0,0,0,0,0,1,0,0,0,0,0,0,0,1,0,0,2,0,0,0,10,22,189.0,18.9,12.0,3.2,2.2,0.3,0.3,0.05,0.5,5.41,1.45,6.0,74.0741,12,2237,3,4,2,4,1.0,0.3333333333333333,2,0,1.5,1.5,1,4,746.67,0.3333,1,0,0,V2
Aspose.3D-for-Java,68,259,327,0,0,64,0,0,0,0,0,0,4,0,0,0,0,0,0,0,250,0,0,9,0,0,0,69,104,1264.0,18.32,13.0,1.83,1.51,1.04,1.04,-1.0,0.06,11.31,1.21,5.0,258.7025,47,1547,14,3,7,2,1.0,0.08791208791208792,8,0,1.14,1.5,1.5,3.36,108.93,0.0879,1,0,1,V2
Java,1,0,1,0,0,1,0,0,0,0,0,0,0,0,0,0,0,0,0,0,0,0,0,0,0,0,0,1,2,7.0,7.0,7.0,2.0,2.0,0.0,0.0,-1.0,0.0,2.5,1.0,1.0,142.8571,0,0,0,0,,,,,0,,,,,,,,0,1,0,V2
Java-Sample-Codes,18,31,49,0,0,18,0,0,0,0,0,0,0,0,0,0,0,0,0,0,28,0,1,2,0,0,0,22,47,558.0,25.36,17.0,2.82,2.14,0.18,0.18,-0.5625,0.09,8.64,1.32,5.0,87.8136,0,0,0,0,,,,,0,,,,,,,,0,1,0,V2
Java-code-samples,10,9,19,0,0,10,0,0,0,0,0,0,0,0,0,0,0,0,0,0,9,0,0,0,0,0,0,13,20,219.0,16.85,16.0,3.38,1.54,0.31,0.31,-0.8923,0.0,9.4,2.2,6.0,86.758,2,0,1,1,,,,,0,,,,,2,1,,0,1,0,V2
Java-demo-application,14,321,335,0,0,3,1,0,0,0,0,0,0,0,0,0,0,2,0,0,309,0,0,9,0,0,1,18,107,1247.0,69.28,72.0,7.22,5.94,2.94,2.94,-0.1486,0.0,13.52,1.21,4.0,268.6447,0,0,0,0,,,,,0,,,,,,,,0,1,0,V2
Java-sample-code,2,2,4,0,0,1,0,0,0,0,0,0,0,0,0,0,0,0,0,0,2,0,0,0,0,0,0,2,7,90.0,45.0,45.0,7.5,3.5,0.5,0.5,-0.5,0.0,12.0,2.14,7.0,44.4444,0,0,0,0,,,,,0,,,,,,,,0,1,0,V2
Java_sample_code,24,228,252,0,0,16,4,0,0,0,0,0,0,0,0,0,0,0,5,1,209,0,3,8,0,0,1,32,118,1692.0,52.88,36.0,6.84,3.69,0.69,0.69,-0.4266,0.0,11.02,1.86,13.0,148.9362,14,51,1,1,,,,0.0,1,1,,,,14,52,1.0,0,1,0,V2
java,1,0,1,0,0,1,0,0,0,0,0,0,0,0,0,0,0,0,0,0,0,0,0,0,0,0,0,1,2,7.0,7.0,7.0,2.0,2.0,0.0,0.0,-1.0,0.0,2.5,1.0,1.0,142.8571,0,0,0,0,,,,,0,,,,,,,,0,1,0,V2
java-code-samples,10,9,19,0,0,10,0,0,0,0,0,0,0,0,0,0,0,0,0,0,9,0,0,0,0,0,0,13,20,219.0,16.85,16.0,3.38,1.54,0.31,0.31,-0.8923,0.0,9.4,2.2,6.0,86.758,2,0,1,1,,,,,0,,,,,2,1,,0,1,0,V2
java-demo-application,14,321,335,0,0,3,1,0,0,0,0,0,0,0,0,0,0,2,0,0,309,0,0,9,0,0,1,18,107,1247.0,69.28,72.0,7.22,5.94,2.94,2.94,-0.1486,0.0,13.52,1.21,4.0,268.6447,0,0,0,0,,,,,0,,,,,,,,0,1,0,V2
java-examples,2,0,2,0,0,2,0,0,0,0,0,0,0,0,0,0,0,0,0,0,0,0,0,0,0,0,0,2,2,56.0,28.0,28.0,1.5,1.0,0.0,0.0,-0.5,0.0,22.0,1.5,2.0,35.7143,2,0,1,1,,,,,0,,,,,2,1,,0,1,0,V2
java-sample-code,2,2,4,0,0,1,0,0,0,0,0,0,0,0,0,0,0,0,0,0,2,0,0,0,0,0,0,2,7,90.0,45.0,45.0,7.5,3.5,0.5,0.5,-0.5,0.0,12.0,2.14,7.0,44.4444,0,0,0,0,,,,,0,,,,,,,,0,1,0,V2
java-sample-codes,18,31,49,0,0,18,0,0,0,0,0,0,0,0,0,0,0,0,0,0,28,0,1,2,0,0,0,22,47,558.0,25.36,17.0,2.82,2.14,0.18,0.18,-0.5625,0.09,8.64,1.32,5.0,87.8136,0,0,0,0,,,,,0,,,,,,,,0,1,0,V2
java-samples,14,1,15,0,0,14,0,0,0,0,0,0,0,0,0,0,0,0,0,0,1,0,0,0,0,0,0,14,23,101.0,7.21,5.0,1.64,1.64,0.0,0.0,-0.8929,0.0,2.96,1.0,1.0,148.5149,2,0,1,1,,,,,0,,,,,2,1,,0,1,0,V2
java-tutorial,3,16,19,0,0,3,0,0,0,0,0,0,0,0,0,0,0,0,2,0,14,0,0,0,0,0,0,3,6,167.0,55.67,25.0,9.67,2.0,0.0,0.0,-1.0,0.0,26.83,4.83,13.0,113.7725,0,0,0,0,,,,,0,,,,,,,,0,1,0,V2
java-tutorial-projects,1,47,48,0,0,1,0,0,0,0,0,0,0,0,0,0,0,0,1,0,44,0,0,1,0,0,0,1,5,121.0,121.0,121.0,26.0,5.0,0.0,0.0,0.6,0.0,23.2,5.2,11.0,396.6942,4,0,2,1,,,,,0,,,,,2,1,,0,1,0,V2
javaCodeSamples,2,1,3,0,0,2,0,0,0,0,0,0,0,0,0,0,0,0,0,0,0,0,0,1,0,0,0,4,4,27.0,6.75,6.5,1.0,1.0,0.5,0.5,-0.5,0.0,4.25,1.0,1.0,111.1111,4,86,1,2,,,,0.0,1,1,,,,4,87,1.0,0,1,0,V2
javaSampleCode,65,118,183,0,0,59,2,0,0,0,0,0,0,0,0,0,0,0,1,0,114,0,1,1,0,0,1,59,110,1183.0,20.05,14.0,3.51,1.86,0.0,0.0,-0.7966,0.0,9.22,1.88,9.0,154.6915,0,0,0,0,,,,,0,,,,,,,,0,1,0,V2
javaSampleCodes,1,0,1,0,0,1,0,0,0,0,0,0,0,0,0,0,0,0,0,0,0,0,0,0,0,0,0,1,8,115.0,115.0,115.0,22.0,8.0,0.0,0.0,0.625,0.0,13.25,2.75,5.0,8.6957,2,0,2,1,,,,,0,,,,,1,1,,0,1,0,V2
javaSamples,0,0,0,0,0,0,0,0,0,0,0,0,0,0,0,0,0,0,0,0,0,0,0,0,0,0,0,1,4,46.0,46.0,46.0,9.0,4.0,1.0,1.0,-1.0,0.0,11.75,2.25,5.0,0.0,3,8,1,1,,,,0.0,1,1,,,,3,9,1.0,0,1,0,V2
java_sample_code,24,228,252,0,0,16,4,0,0,0,0,0,0,0,0,0,0,0,5,1,209,0,3,8,0,0,1,32,118,1692.0,52.88,36.0,6.84,3.69,0.69,0.69,-0.4266,0.0,11.02,1.86,13.0,148.9362,14,51,1,1,,,,0.0,1,1,,,,14,52,1.0,0,1,0,V2
javacodesamples,2,1,3,0,0,2,0,0,0,0,0,0,0,0,0,0,0,0,0,0,0,0,0,1,0,0,0,4,4,27.0,6.75,6.5,1.0,1.0,0.5,0.5,-0.5,0.0,4.25,1.0,1.0,111.1111,4,86,1,2,,,,0.0,1,1,,,,4,87,1.0,0,1,0,V2
javasamples,0,0,0,0,0,0,0,0,0,0,0,0,0,0,0,0,0,0,0,0,0,0,0,0,0,0,0,1,4,46.0,46.0,46.0,9.0,4.0,1.0,1.0,-1.0,0.0,11.75,2.25,5.0,0.0,3,8,1,1,,,,0.0,1,1,,,,3,9,1.0,0,1,0,V2
top-spring-on-kubernetes,4,2,6,0,0,3,1,0,0,0,0,0,0,0,0,0,0,0,0,0,0,0,1,0,1,0,0,5,10,120.0,24.0,13.0,3.0,2.0,0.4,0.4,0.2,0.0,9.2,1.5,5.0,50.0,15,2079,5,3,11,6,1.0,0.3,3,0,1.27,2.5,1.83,3,86.4,0.3,1,0,1,V2
top-observing-graphql-in-action,26,46,72,0,0,21,2,0,0,0,0,0,0,0,0,0,0,0,0,4,29,0,0,13,0,0,0,34,178,927.0,27.26,18.0,6.35,5.24,1.47,1.47,-0.1738,0.0,4.19,1.21,3.0,77.6699,10,436,2,3,1,,1.0,0.0,2,0,2,,,5,219,0.0,1,0,0,V2
androidtv-sample-inputs,92,427,519,0,0,51,15,0,0,13,0,0,4,0,0,0,0,2,24,14,139,0,20,198,16,0,8,104,1086,11198.0,107.67,52.5,18.51,10.44,2.26,2.26,-0.1472,0.08,7.47,1.77,29.0,46.3476,216,1552,18,5,10,60,0.9903846153846154,0.24183006535947713,4,1,2.4,2.43,2.28,12,197.61,0.2418,1,0,1,V2
android-AppUsageStatistics,5,3,8,0,0,3,1,0,0,0,0,0,0,0,0,0,0,0,0,0,0,0,0,3,0,0,0,8,37,293.0,36.62,22.5,5.62,4.62,1.25,1.25,-0.1063,0.0,5.68,1.22,3.0,27.3038,22,2266,2,2,7,12,1.0,0.0,2,0,1.86,1.5,0.92,11,580,0.0,1,0,0,V2
android-play-games-in-motion,40,91,131,0,0,8,8,1,0,4,0,0,4,0,1,0,0,0,3,11,16,0,0,38,18,0,2,33,379,3554.0,107.7,59.0,17.09,11.48,2.55,2.55,0.1708,0.24,6.97,1.49,10.0,36.8599,6,19,2,2,,2,0.6666666666666666,1.0,1,2,,3.5,2.5,3,8,1.0,1,0,0,V2
android-vision,103,204,307,0,0,82,8,0,0,4,0,0,3,0,0,0,0,0,4,8,132,0,0,48,0,0,8,123,766,9191.0,74.72,27.0,11.02,6.23,1.14,1.14,-0.2131,0.02,7.92,1.77,10.0,33.4022,77,1581,21,9,41,,1.0,0.19047619047619047,4,0,2.68,,,3.67,82.38,0.1905,1,0,1,V2
easypermissions,29,79,108,0,0,15,7,0,0,2,0,0,0,0,0,0,0,0,2,10,7,0,0,58,2,0,0,30,276,2019.0,67.3,45.5,11.9,9.2,1.97,1.97,0.2146,0.23,5.3,1.29,9.0,53.4918,184,1956,31,14,,,0.0,0.15053763440860216,6,1,,,,5.94,141.97,0.1505,0,1,1,V2
android-TensorFlowCloudMachineLearningEngineStylizer,5,29,34,0,0,3,1,0,0,1,0,0,0,0,0,0,0,0,1,0,15,0,1,11,0,0,1,10,80,975.0,97.5,34.0,12.6,8.0,1.3,1.3,0.169,0.0,9.14,1.57,10.0,34.8718,2,169,2,2,,,0.0,0.0,2,0,,,,1,1,0.0,0,1,0,V2
sceneform-samples,0,54,54,0,0,0,0,0,0,0,0,0,0,0,0,0,0,1,1,2,29,0,0,16,5,0,0,7,64,829.0,118.43,57.0,18.57,9.14,1.29,1.29,0.1795,0.0,12.42,2.03,13.0,65.1387,19,21,2,2,,5,0.6,1.0,1,2,,1,0.4,9.5,17,1.0,1,0,0,V2
gboard-dev-samples,2,2,4,0,0,2,0,0,0,0,0,0,0,0,0,0,0,0,0,0,0,0,0,2,0,0,0,3,16,139.0,46.33,43.0,8.0,5.33,0.33,0.33,0.4222,0.0,7.06,1.5,3.0,28.777,5,0,1,1,,2,0.5,0.0,1,1,,1.5,0.5,5,1,1.0,0,0,0,V2
app-service-api-apps-quickstart-java,9,5,14,0,0,7,1,0,0,0,0,0,1,0,0,0,0,0,0,0,4,0,0,0,0,0,0,9,29,164.0,18.22,9.0,4.0,3.22,0.33,0.33,-0.1944,0.11,4.21,1.24,6.0,85.3659,7,62,2,1,1,1,0.0,1.0,1,2,2,0,0,3.5,19,1.0,0,0,0,V2
hdinsight-java-storm-eventhub,2,10,12,0,0,2,0,0,0,0,0,0,0,0,0,0,0,0,0,0,7,0,0,2,0,0,1,3,13,112.0,37.33,26.0,5.67,4.33,0.33,0.33,0.1,0.0,7.46,1.31,3.0,107.1429,23,683,2,3,4,,0.0,1.0,1,2,2,,,11.5,421,1.0,0,0,0,V2
event-hubs-java-storm-sender-jms-receiver,4,6,10,0,0,4,0,0,0,0,0,0,0,0,0,0,0,0,0,0,3,0,0,3,0,0,0,5,13,134.0,26.8,24.0,3.4,2.6,0.2,0.2,-0.4667,0.0,8.0,1.31,3.0,74.6269,6,111,3,1,,,0.0,0.3333333333333333,2,0,,,,2,1,0.3333,0,1,0,V2
hdinsight-kafka-java-get-started,9,40,49,0,0,9,0,0,0,0,0,0,0,0,0,0,0,0,3,0,24,0,0,10,0,0,0,13,25,459.0,35.31,33.0,4.46,1.92,1.15,1.15,-1.0,0.0,17.32,2.32,8.0,106.7538,41,2289,13,5,19,5,1.0,0.1282051282051282,5,0,1.58,2.2,1,3.15,81,0.1282,1,0,1,V2
app-service-java-configure-deployment-sources-for-web-apps,1,236,237,0,0,0,0,0,0,1,0,0,0,0,0,0,0,3,10,1,30,0,0,188,0,0,4,2,98,2120.0,1060.0,1060.0,180.0,49.0,1.5,1.5,-0.0417,0.0,17.33,3.67,22.0,111.7925,41,2050,15,4,6,,1.0,0.10476190476190476,8,0,0.67,,,2.73,144.6,0.1048,1,0,1,V2
ms-identity-android-native,3,6,9,0,0,3,0,0,0,0,0,0,0,0,0,0,0,0,0,0,4,0,0,2,0,0,0,3,26,186.0,62.0,10.0,15.33,8.67,0.0,0.0,-0.625,0.0,9.58,1.77,4.0,48.3871,65,909,7,1,11,20,1.0,0.2857142857142857,2,0,2.64,2.15,1.3,9.29,118.86,0.2857,1,0,0,V2
active-directory-b2c-android-native-msal,0,0,0,0,0,0,0,0,0,0,0,0,0,0,0,0,0,0,0,0,0,0,0,0,0,0,0,0,0,0,0.0,0.0,0.0,0.0,0.0,0.0,0.0,0.0,0.0,0.0,0,0,52,829,5,2,5,8,1.0,0.3,3,0,2.8,2.62,2,10.4,5.8,0.3,1,0,1,V2
cognitive-services-java-computer-vision-tutorial,3,196,199,0,0,1,2,0,0,0,0,0,0,0,0,0,0,2,0,0,144,0,0,50,0,0,0,2,40,1151.0,575.5,575.5,36.0,20.0,1.0,1.0,0.5627,0.0,23.93,1.8,7.0,172.8931,20,38,3,1,6,,-0.5,1.0,1,3,2,,,6.67,4.33,1.0,0,0,0,V2
media-services-v3-java,21,513,534,0,0,20,0,0,0,1,0,0,0,0,0,0,0,8,17,57,82,0,1,318,13,0,17,37,353,5335.0,144.19,104.0,21.22,9.54,1.41,1.41,0.0754,0.0,11.77,2.22,31.0,100.0937,161,2021,15,7,102,7,1.0,0.22857142857142856,5,0,1.3,1.57,0.71,10.73,320.8,0.2286,1,0,1,V2
azure-cosmosdb-bulkingestion,13,91,104,0,0,4,2,0,0,1,0,0,0,0,0,0,0,0,4,1,21,0,0,44,17,0,0,25,169,1710.0,68.4,35.0,12.08,6.76,2.68,2.68,-0.1273,0.04,8.87,1.79,10.0,60.8187,15,468,6,3,15,1,1.0,0.2,4,0,0.33,1,0,2.5,19.83,0.2,1,0,1,V2
couchbaseTocosmosdb,16,6,22,0,0,8,6,0,0,0,0,0,0,0,0,0,0,0,0,0,3,0,0,3,0,0,0,17,51,572.0,33.65,25.0,4.47,3.0,0.88,0.88,-0.3529,0.0,8.16,1.49,4.0,38.4615,8,0,3,3,,1,0.0,1.0,1,3,,0,0,2.67,1,1.0,0,0,0,V2
azure-cosmos-java-sql-app-example,3,21,24,0,0,0,2,0,0,0,0,0,0,0,0,0,0,0,0,0,13,0,0,8,0,0,0,2,10,199.0,99.5,99.5,12.0,5.0,1.0,1.0,-0.5,0.0,17.7,2.4,5.0,120.603,19,73,3,2,5,1,-0.5,1.0,1,3,0.8,0,0,6.33,25.33,1.0,0,0,0,V2
azure-cosmos-cassandra-extensions-java-spring-boot-sample-v4,5,16,21,0,0,2,0,0,1,0,0,0,0,0,0,0,0,0,0,0,8,0,0,8,0,0,0,10,83,751.0,75.1,55.0,10.2,8.3,1.2,1.2,0.1555,0.0,6.01,1.23,4.0,27.9627,44,242,5,4,2,1,-3.0,0.8,1,4,1,1,0,8.8,94.2,0.8,0,0,0,V2
github-actions-deployment-slots,0,0,0,0,0,0,0,0,0,0,0,0,0,0,0,0,0,0,0,0,0,0,0,0,0,0,0,0,0,0,0.0,0.0,0.0,0.0,0.0,0.0,0.0,0.0,0.0,0.0,0,0,10,1,3,2,2,,-2.0,1.0,1,3,1,,,3.33,1,1.0,0,0,0,V2
cosmosdb-mongodb-vcore-wildcard-indexing,1,10,11,0,0,1,0,0,0,0,0,0,0,0,0,0,0,0,1,0,7,0,0,1,0,0,0,4,8,143.0,35.75,35.5,6.25,2.0,0.75,0.75,-0.25,0.0,12.75,3.12,11.0,76.9231,3,0,1,1,2,,0.0,0.0,1,1,0.5,,,3,1,1.0,0,0,0,V2
aws-mobile-self-paced-labs-samples,236,395,631,0,0,91,41,0,2,17,0,0,19,1,0,0,0,2,39,28,100,0,26,123,32,0,32,215,2093,20573.0,95.69,30.0,16.6,9.73,2.06,2.06,-0.2904,0.18,6.68,1.7,32.0,30.6713,10,1198,5,2,,,0.0,0.3,3,0,,,,2,3.8,0.3,0,1,1,V2
aws-dms-cdc-sample,2,1,3,0,0,2,0,0,0,0,0,0,0,0,0,0,0,0,0,0,0,0,0,1,0,0,0,2,4,49.0,24.5,24.5,3.0,2.0,0.0,0.0,-0.1667,0.0,10.75,1.5,2.0,61.2245,14,839,4,4,2,1,1.0,0.3333333333333333,2,0,1,2,2,3.5,49.75,0.3333,1,0,0,V2
realtime-bushfire-alert-with-apache-flink-cep,18,31,49,0,0,8,7,0,0,0,0,0,0,0,0,0,0,0,1,2,13,0,1,12,0,0,1,19,76,920.0,48.42,32.0,6.79,4.0,1.26,1.26,0.0627,0.05,8.0,1.7,11.0,53.2609,13,15,2,2,,1,0.3333333333333333,1.0,1,2,,3,2,6.5,6.5,1.0,0,0,0,V2
reinvent-2018-social-news-app,33,36,69,0,0,25,8,0,0,0,0,0,0,0,0,0,0,0,0,2,6,0,0,22,0,0,0,34,186,1216.0,35.76,26.0,7.44,5.47,1.06,1.06,-0.2622,0.0,7.09,1.36,5.0,56.7434,19,35,5,2,1,,-1.5,1.0,1,5,2,,,3.8,4,1.0,0,0,0,V2
amazon-kinesis-analytics-taxi-consumer,22,14,36,0,0,13,7,0,0,0,0,0,2,0,0,0,0,0,0,1,2,0,0,10,0,0,0,20,39,348.0,17.4,13.0,2.6,1.95,0.65,0.65,0.08,0.2,6.77,1.33,5.0,103.4483,101,1629,6,5,10,5,1.0,0.26666666666666666,3,0,0.8,1.8,1.4,16.83,425.5,0.2667,1,0,1,V2
amazon-textract-searchable-pdf,7,27,34,0,0,5,1,0,0,0,0,0,0,0,0,0,0,0,0,1,13,0,0,10,2,0,1,10,28,425.0,42.5,42.5,6.0,2.8,0.9,0.9,-0.8,0.0,14.11,2.14,7.0,80.0,19,1419,5,4,3,10,1.0,0.2,3,0,1.33,1.7,0.7,3.8,130.4,0.2,1,0,1,V2
aws-codeguru-profiler-demo-application,5,11,16,0,0,0,1,0,0,0,0,0,0,0,0,0,0,0,0,0,5,0,0,6,0,0,0,7,27,295.0,42.14,36.0,6.0,3.86,2.0,2.0,-0.1565,0.0,9.48,1.56,4.0,54.2373,59,939,15,8,40,5,0.96,0.24761904761904763,4,1,1.43,2.2,8.2,3.93,123.47,0.2476,1,0,1,V2
amazon-aurora-mysql-with-mariadb-jdbc-driver,1,9,10,0,0,1,0,0,0,0,0,0,0,0,0,0,0,0,0,0,2,0,1,5,1,0,0,4,9,316.0,79.0,78.5,4.75,2.25,0.75,0.75,0.25,0.0,31.33,2.11,5.0,31.6456,14,764,4,3,6,,1.0,0.3333333333333333,2,0,0.67,,,3.5,267.25,0.3333,1,0,0,V2
aws-iot-proxy-mobile-app-android,11,36,47,0,0,4,4,0,0,0,0,0,0,0,0,0,0,0,2,1,8,0,0,12,0,0,1,20,126,1183.0,59.15,38.5,12.15,6.3,1.7,1.7,-0.182,0.2,9.98,1.93,8.0,39.7295,4,2,3,2,1,1,-2.0,1.0,1,3,1,0,0,1.33,1.67,1.0,0,0,0,V2
amazon-chime-voice-connector-automated-reports,15,6,21,0,0,9,2,0,0,4,0,0,0,0,0,0,0,0,0,0,0,0,0,1,5,0,0,13,191,713.0,54.85,16.0,16.08,14.69,0.38,0.38,-0.457,0.0,1.99,1.09,7.0,29.453,49,287,4,3,3,,-1.0,1.0,1,4,1,,,12.25,72.75,1.0,0,0,0,V2
machinelearning-amazonai-amazontranscribe,3,5,8,0,0,3,0,0,0,0,0,0,0,0,0,0,0,0,0,0,3,0,0,2,0,0,0,4,23,242.0,60.5,42.5,9.0,5.75,0.25,0.25,-0.0923,0.0,8.78,1.57,4.0,33.0579,4,32,2,2,,,0.0,0.0,2,0,,,,2,1,0.0,0,1,0,V2
amazon-keyspaces-large-object-s3-demo,2,9,11,0,0,2,0,0,0,0,0,0,0,0,0,0,0,0,0,0,3,0,0,6,0,0,0,2,5,64.0,32.0,32.0,3.5,2.5,0.0,0.0,0.5,0.0,11.0,1.4,3.0,171.875,16,812,3,3,1,,1.0,0.0,3,0,1,,,5.33,43.33,0.0,1,0,1,V2
amazon-kinesis-video-streams-media-screencast-android,17,82,99,0,0,10,1,0,0,2,0,0,1,0,0,0,0,0,1,2,14,0,0,62,2,0,1,21,208,1949.0,92.81,41.0,16.71,9.9,1.52,1.52,-0.0892,0.05,10.3,1.69,8.0,50.7953,7,14,2,2,1,,-1.0,1.0,1,2,1,,,3.5,8,1.0,0,0,0,V2
amazon-elasticache-redis-and-memcached-java-client-examples,0,4,4,0,0,0,0,0,0,0,0,0,0,0,0,0,0,0,0,0,0,0,0,3,1,0,0,3,45,730.0,243.33,241.0,25.67,15.0,1.0,1.0,0.0,0.0,8.33,1.71,5.0,5.4795,4,0,2,1,,,0.0,1.0,1,2,,,,2,1,1.0,0,1,0,V2
aws-iot-job-agent-android,53,35,88,0,0,18,19,0,0,0,0,0,8,0,0,0,0,0,7,2,2,0,1,17,1,0,4,41,160,1456.0,35.51,14.0,8.02,3.9,1.59,1.59,-0.1028,0.56,7.88,2.06,12.0,60.4396,4,12,1,1,3,,0.0,0.0,1,1,1,,,4,13,1.0,0,0,0,V2
aws-lambda-java-tiered-compilation-example,3,14,17,0,0,3,0,0,0,0,0,0,0,0,0,0,0,0,0,0,8,0,0,6,0,0,0,3,5,52.0,17.33,19.0,2.33,1.67,0.0,0.0,-0.6667,0.0,8.8,1.4,3.0,326.9231,4,203,3,3,1,,1.0,0.3333333333333333,2,0,2,,,1.33,1,0.3333,1,0,0,V2
aws-kinesis-data-streams-replicator,2,12,14,0,0,2,0,0,0,0,0,0,0,0,0,0,0,0,0,0,2,0,0,10,0,0,0,3,19,151.0,50.33,35.0,7.67,6.33,0.33,0.33,-0.5333,0.0,7.32,1.21,3.0,92.7152,11,202,5,5,4,,-1.0,0.7,2,4,0.75,,,2.2,41.4,0.7,0,0,0,V2
amazon-codeguru-java-detectors,140,46,186,0,0,134,1,0,0,0,0,0,0,0,0,0,0,0,0,6,18,0,0,22,0,0,0,144,280,2098.0,14.57,12.0,2.45,1.94,0.1,0.1,-0.7135,0.01,6.12,1.26,6.0,88.6559,63,503,11,6,81,,0.65,0.509090909090909,3,7,1.99,,,5.73,80.27,0.5091,1,0,1,V2
aws-mqtt-wavelength-latency,11,91,102,0,0,9,2,0,0,0,0,0,0,0,0,0,0,3,5,2,38,0,0,42,0,0,0,11,96,1130.0,102.73,88.0,22.91,8.73,0.45,0.45,0.2085,0.0,16.54,2.62,34.0,90.2655,9,19,2,2,,,0.0,1.0,1,2,,,,4.5,10.5,1.0,0,1,0,V2
amazon-s3-archive-builder,6,19,25,0,0,5,0,0,0,1,0,0,0,0,0,0,0,0,0,4,5,0,0,10,0,0,0,15,118,874.0,58.27,55.0,10.87,7.87,1.67,1.67,0.0213,0.0,6.49,1.38,6.0,28.6041,6,4,4,3,4,,-3.0,1.0,1,4,0.5,,,1.5,1,1.0,0,0,0,V2
amazon-msk-kafka-quotas,1,26,27,0,0,1,0,0,0,0,0,0,0,0,0,0,0,0,0,2,1,0,0,21,2,0,0,3,19,291.0,97.0,115.0,14.0,6.33,0.67,0.67,-0.3333,0.0,10.84,2.21,5.0,92.7835,4,32,3,2,1,,0.0,0.6666666666666666,1,1,0,,,1.33,1.33,0.6667,0,0,0,V2
amazon-s3-lambda-transcribe-java-cdk,3,23,26,0,0,3,0,0,0,0,0,0,0,0,0,0,0,0,0,1,5,0,0,16,1,0,0,3,5,84.0,28.0,30.0,2.67,1.67,0.0,0.0,-0.6667,0.0,15.0,1.6,4.0,309.5238,39,966,4,3,1,,-3.0,0.8333333333333334,1,4,1,,,9.75,366.25,0.8333,0,0,0,V2
amazon-connect-agentless-outbound-campaign,2,41,43,0,0,2,0,0,0,0,0,0,0,0,0,0,0,0,0,1,3,0,0,37,0,0,0,2,4,87.0,43.5,43.5,2.0,2.0,0.0,0.0,-1.0,0.0,20.75,1.0,1.0,494.2529,1,0,1,1,,,0.0,0.0,1,1,,,,1,1,1.0,0,1,0,V2
apache-flink-near-online-data-enrichment-patterns,13,44,57,0,0,12,1,0,0,0,0,0,0,0,0,0,0,0,0,1,20,0,0,20,2,0,0,18,66,423.0,23.5,19.0,4.0,3.67,0.94,0.94,-0.1654,0.06,4.95,1.09,4.0,134.7518,12,469,2,3,4,,-1.0,1.0,1,2,0.5,,,6,235.5,1.0,0,0,0,V2
aws-iot-sitewise-jmeter-java,1,18,19,0,0,1,0,0,0,0,0,0,0,0,0,0,0,0,0,1,12,0,0,5,0,0,0,2,9,161.0,80.5,80.5,6.0,4.5,0.5,0.5,-0.5,0.0,16.67,1.33,3.0,118.0124,6,3,4,3,1,,-3.0,1.0,1,4,1,,,1.5,1.75,1.0,0,0,0,V2
msk-connect-custom-plugin-jmx,12,46,58,0,0,8,1,0,0,0,0,0,0,0,0,0,0,1,2,1,0,0,0,37,4,0,0,12,53,771.0,64.25,35.5,7.67,4.42,0.75,0.75,0.0327,0.0,11.81,1.74,11.0,75.227,30,350,6,2,1,4,0.2,0.6,2,4,2,1.75,0.75,5,64.67,0.6,0,0,0,V2
sample-amazon-bedrock-idp-java-cdk,3,49,52,0,0,3,0,0,0,0,0,0,0,0,0,0,0,1,1,0,11,0,0,35,0,0,1,4,19,390.0,97.5,38.0,11.0,4.75,0.25,0.25,-0.5,0.0,17.0,2.32,18.0,133.3333,24,364,3,3,1,,1.0,0.3333333333333333,2,0,1,,,8,73,0.3333,1,0,0,V2
