id,repo_name,github_url,CommitCount,AuthorCount,DaysActive,BusFactorNumber,lone_wolf,radio_silence,org_silo,total_code_smells,total_design_smells,total_impl_smells,in_social_analysis,in_clustering,clustering_outlier,has_bus_factor,url_note
1,Aspose.BarCode-for-Java,https://github.com/search?q=Aspose.BarCode-for-Java+language:Java&type=repositories,456.0,30.0,4649.0,1.0,1.0,0.0,1.0,1162,41,1121,1,1,0,1,Resolve via build_repo_urls.py or GitHub search
2,Aspose.Cells-for-Java,https://github.com/search?q=Aspose.Cells-for-Java+language:Java&type=repositories,572.0,35.0,4711.0,1.0,1.0,0.0,1.0,2440,307,2133,1,1,0,1,Resolve via build_repo_urls.py or GitHub search
3,Aspose.Diagram-for-Java,https://github.com/search?q=Aspose.Diagram-for-Java+language:Java&type=repositories,89.0,21.0,3015.0,1.0,1.0,0.0,1.0,346,26,320,1,1,0,1,Resolve via build_repo_urls.py or GitHub search
4,Aspose.Email-for-Java,https://github.com/search?q=Aspose.Email-for-Java+language:Java&type=repositories,201.0,33.0,3018.0,1.0,1.0,0.0,1.0,850,180,670,1,1,0,1,Resolve via build_repo_urls.py or GitHub search
5,Aspose.HTML-for-Java,https://github.com/search?q=Aspose.HTML-for-Java+language:Java&type=repositories,37.0,13.0,2980.0,1.0,1.0,0.0,1.0,514,156,358,1,1,0,1,Resolve via build_repo_urls.py or GitHub search
6,Aspose.PDF-for-Java,https://github.com/search?q=Aspose.PDF-for-Java+language:Java&type=repositories,301.0,37.0,4542.0,1.0,1.0,0.0,1.0,1093,253,840,1,1,0,1,Resolve via build_repo_urls.py or GitHub search
7,Aspose.Slides-for-Java,https://github.com/search?q=Aspose.Slides-for-Java+language:Java&type=repositories,466.0,31.0,4712.0,1.0,1.0,0.0,1.0,3385,593,2792,1,1,0,1,Resolve via build_repo_urls.py or GitHub search
8,Aspose.Tasks-for-Java,https://github.com/search?q=Aspose.Tasks-for-Java+language:Java&type=repositories,123.0,26.0,4090.0,,0.0,0.0,1.0,762,137,625,1,0,0,0,Resolve via build_repo_urls.py or GitHub search
9,Aspose.Words-for-Java,https://github.com/search?q=Aspose.Words-for-Java+language:Java&type=repositories,864.0,36.0,5045.0,1.0,1.0,0.0,1.0,13093,1136,11957,1,0,1,1,Resolve via build_repo_urls.py or GitHub search
10,Code_Along_with_GZM__JAVA,https://github.com/search?q=Code_Along_with_GZM__JAVA+language:Java&type=repositories,13.0,3.0,1.0,,0.0,0.0,0.0,13,5,8,1,0,0,0,Resolve via build_repo_urls.py or GitHub search
11,CodingJava,https://github.com/search?q=CodingJava+language:Java&type=repositories,5.0,3.0,0.0,,0.0,1.0,0.0,4,2,2,1,0,0,0,Resolve via build_repo_urls.py or GitHub search
12,Commerce-API-Java,https://github.com/search?q=Commerce-API-Java+language:Java&type=repositories,16.0,2.0,19.0,0.0,0.0,0.0,0.0,38,7,31,1,0,1,1,Resolve via build_repo_urls.py or GitHub search
13,Core-Java,https://github.com/search?q=Core-Java+language:Java&type=repositories,132.0,1.0,1513.0,0.75,0.0,0.0,0.0,2254,432,1822,1,1,0,1,Resolve via build_repo_urls.py or GitHub search
14,Core-Java---Madhura-Anturkar,https://github.com/search?q=Core-Java---Madhura-Anturkar+language:Java&type=repositories,2.0,1.0,0.0,,0.0,1.0,0.0,1263,402,861,1,0,0,0,Resolve via build_repo_urls.py or GitHub search
15,Core-Java-Tutorial-Projects,https://github.com/search?q=Core-Java-Tutorial-Projects+language:Java&type=repositories,4.0,1.0,0.0,,0.0,1.0,0.0,7,1,6,1,0,0,0,Resolve via build_repo_urls.py or GitHub search
16,CoreJava,https://github.com/search?q=CoreJava+language:Java&type=repositories,17.0,2.0,1184.0,,0.0,0.0,0.0,700,136,564,1,0,0,0,Resolve via build_repo_urls.py or GitHub search
17,Defeat-JAVA,https://github.com/search?q=Defeat-JAVA+language:Java&type=repositories,283.0,76.0,438.0,0.2083333333333333,0.0,0.0,0.0,2539,306,2233,1,0,1,1,Resolve via build_repo_urls.py or GitHub search
18,Dr.Know,https://github.com/search?q=Dr.Know+language:Java&type=repositories,18.0,2.0,2.0,,0.0,1.0,0.0,7,2,5,1,0,0,0,Resolve via build_repo_urls.py or GitHub search
19,ELK-Logger,https://github.com/search?q=ELK-Logger+language:Java&type=repositories,28.0,4.0,23.0,-1.0,0.0,0.0,0.0,2,2,0,1,0,1,1,Resolve via build_repo_urls.py or GitHub search
20,GraphSearch,https://github.com/search?q=GraphSearch+language:Java&type=repositories,72.0,2.0,1173.0,,0.0,0.0,0.0,37,7,30,1,0,0,0,Resolve via build_repo_urls.py or GitHub search
21,HapiFhirClientDemo,https://github.com/search?q=HapiFhirClientDemo+language:Java&type=repositories,8.0,3.0,1603.0,,0.0,0.0,0.0,3,1,2,1,0,0,0,Resolve via build_repo_urls.py or GitHub search
22,HapiFhirServiceDemo,https://github.com/search?q=HapiFhirServiceDemo+language:Java&type=repositories,4.0,1.0,2.0,,0.0,1.0,0.0,12,4,8,1,0,0,0,Resolve via build_repo_urls.py or GitHub search
23,HelloWorld,https://github.com/search?q=HelloWorld+language:Java&type=repositories,4.0,2.0,1641.0,1.0,1.0,0.0,0.0,135,44,91,1,1,0,1,Resolve via build_repo_urls.py or GitHub search
24,JAVA,https://github.com/search?q=JAVA+language:Java&type=repositories,3128.0,765.0,3498.0,1.0,1.0,0.0,1.0,1,1,0,1,0,1,1,Resolve via build_repo_urls.py or GitHub search
25,JAVA-SAMPLE-CODES,https://github.com/search?q=JAVA-SAMPLE-CODES+language:Java&type=repositories,42.0,1.0,44.0,,0.0,1.0,0.0,49,18,31,1,0,0,0,Resolve via build_repo_urls.py or GitHub search
26,JAVA_TUTORIAL_PROJECTS,https://github.com/search?q=JAVA_TUTORIAL_PROJECTS+language:Java&type=repositories,6.0,1.0,94.0,,0.0,0.0,0.0,17,3,14,1,0,0,0,Resolve via build_repo_urls.py or GitHub search
27,Java-Appium-Master,https://github.com/search?q=Java-Appium-Master+language:Java&type=repositories,3.0,2.0,0.0,,0.0,1.0,0.0,1,1,0,1,0,0,0,Resolve via build_repo_urls.py or GitHub search
28,Java-Code-Examples,https://github.com/search?q=Java-Code-Examples+language:Java&type=repositories,20.0,1.0,32.0,,0.0,1.0,0.0,36,10,26,1,0,0,0,Resolve via build_repo_urls.py or GitHub search
29,Java-Code-Samples,https://github.com/search?q=Java-Code-Samples+language:Java&type=repositories,14.0,3.0,94.0,,0.0,1.0,0.0,19,10,9,1,0,0,0,Resolve via build_repo_urls.py or GitHub search
30,Java-Demo-Application,https://github.com/search?q=Java-Demo-Application+language:Java&type=repositories,155.0,2.0,65.0,,0.0,0.0,0.0,335,14,321,1,0,0,0,Resolve via build_repo_urls.py or GitHub search
31,Java-Demo-Application-with-Spring-Boot-and-Security,https://github.com/search?q=Java-Demo-Application-with-Spring-Boot-and-Security+language:Java&type=repositories,3.0,1.0,0.0,,0.0,1.0,0.0,45,18,27,1,0,0,0,Resolve via build_repo_urls.py or GitHub search
32,Java-Examples,https://github.com/search?q=Java-Examples+language:Java&type=repositories,83.0,1.0,2551.0,0.5,0.0,0.0,0.0,2,2,0,1,1,0,1,Resolve via build_repo_urls.py or GitHub search
33,Java-Learning,https://github.com/search?q=Java-Learning+language:Java&type=repositories,87.0,3.0,2160.0,0.9473684210526316,1.0,0.0,0.0,6,1,5,1,1,0,1,Resolve via build_repo_urls.py or GitHub search
34,Java-Sample-Code,https://github.com/search?q=Java-Sample-Code+language:Java&type=repositories,2.0,2.0,1.0,,0.0,1.0,0.0,4,2,2,1,0,0,0,Resolve via build_repo_urls.py or GitHub search
35,Java-Samples,https://github.com/search?q=Java-Samples+language:Java&type=repositories,368.0,29.0,4248.0,1.0,1.0,0.0,1.0,15,14,1,1,1,0,1,Resolve via build_repo_urls.py or GitHub search
36,Java-Tutorial,https://github.com/search?q=Java-Tutorial+language:Java&type=repositories,151.0,5.0,2588.0,0.9285714285714286,1.0,0.0,0.0,19,3,16,1,1,0,1,Resolve via build_repo_urls.py or GitHub search
37,Java-Tutorial-Projects,https://github.com/search?q=Java-Tutorial-Projects+language:Java&type=repositories,1.0,1.0,0.0,,0.0,1.0,0.0,48,1,47,1,0,0,0,Resolve via build_repo_urls.py or GitHub search
38,Java-application,https://github.com/search?q=Java-application+language:Java&type=repositories,5.0,2.0,678.0,,0.0,0.0,0.0,2,2,0,1,0,0,0,Resolve via build_repo_urls.py or GitHub search
39,Java8,https://github.com/search?q=Java8+language:Java&type=repositories,17.0,1.0,2052.0,,0.0,1.0,0.0,174,64,110,1,0,0,0,Resolve via build_repo_urls.py or GitHub search
40,JavaApp,https://github.com/search?q=JavaApp+language:Java&type=repositories,33.0,5.0,1841.0,,0.0,1.0,1.0,16,13,3,1,0,0,0,Resolve via build_repo_urls.py or GitHub search
41,JavaBasicTutorial,https://github.com/search?q=JavaBasicTutorial+language:Java&type=repositories,9.0,1.0,45.0,,0.0,1.0,0.0,104,12,92,1,0,0,0,Resolve via build_repo_urls.py or GitHub search
42,JavaCode,https://github.com/search?q=JavaCode+language:Java&type=repositories,4.0,2.0,907.0,1.0,1.0,0.0,0.0,17,10,7,1,1,0,1,Resolve via build_repo_urls.py or GitHub search
43,JavaCodeSamples,https://github.com/search?q=JavaCodeSamples+language:Java&type=repositories,11.0,2.0,1419.0,,0.0,0.0,0.0,3,2,1,1,0,0,0,Resolve via build_repo_urls.py or GitHub search
44,JavaCodeSnippets,https://github.com/search?q=JavaCodeSnippets+language:Java&type=repositories,1.0,1.0,0.0,,0.0,1.0,0.0,399,139,260,1,0,0,0,Resolve via build_repo_urls.py or GitHub search
45,JavaDemoApplication,https://github.com/search?q=JavaDemoApplication+language:Java&type=repositories,11.0,3.0,399.0,,0.0,1.0,1.0,8,4,4,1,0,0,0,Resolve via build_repo_urls.py or GitHub search
46,JavaDemoJenkins,https://github.com/search?q=JavaDemoJenkins+language:Java&type=repositories,2.0,1.0,0.0,,0.0,1.0,0.0,1,1,0,1,0,0,0,Resolve via build_repo_urls.py or GitHub search
47,JavaExamples,https://github.com/search?q=JavaExamples+language:Java&type=repositories,58.0,2.0,119.0,,0.0,1.0,0.0,181,25,156,1,0,0,0,Resolve via build_repo_urls.py or GitHub search
48,JavaExamplesInterviewQuestions,https://github.com/search?q=JavaExamplesInterviewQuestions+language:Java&type=repositories,22.0,2.0,0.0,,0.0,1.0,0.0,46,18,28,1,0,0,0,Resolve via build_repo_urls.py or GitHub search
49,JavaLearningTutorial,https://github.com/search?q=JavaLearningTutorial+language:Java&type=repositories,1.0,1.0,0.0,,0.0,1.0,0.0,18,15,3,1,0,0,0,Resolve via build_repo_urls.py or GitHub search
50,JavaPractice,https://github.com/search?q=JavaPractice+language:Java&type=repositories,417.0,2.0,1095.0,,0.0,0.0,0.0,91,25,66,1,0,0,0,Resolve via build_repo_urls.py or GitHub search
51,JavaProject1,https://github.com/search?q=JavaProject1+language:Java&type=repositories,1.0,1.0,0.0,,0.0,1.0,0.0,1,1,0,1,0,0,0,Resolve via build_repo_urls.py or GitHub search
52,JavaRepository,https://github.com/search?q=JavaRepository+language:Java&type=repositories,1664.0,20.0,187.0,,0.0,0.0,0.0,6,2,4,1,0,0,0,Resolve via build_repo_urls.py or GitHub search
53,JavaSampleCode,https://github.com/search?q=JavaSampleCode+language:Java&type=repositories,17.0,3.0,90.0,,0.0,1.0,0.0,183,65,118,1,0,0,0,Resolve via build_repo_urls.py or GitHub search
54,JavaSampleCodeForPull,https://github.com/search?q=JavaSampleCodeForPull+language:Java&type=repositories,1.0,1.0,0.0,,0.0,1.0,0.0,301,61,240,1,0,0,0,Resolve via build_repo_urls.py or GitHub search
55,JavaSampleCodeIS2104,https://github.com/search?q=JavaSampleCodeIS2104+language:Java&type=repositories,1.0,1.0,0.0,,0.0,1.0,0.0,130,52,78,1,0,0,0,Resolve via build_repo_urls.py or GitHub search
56,JavaSampleCodes,https://github.com/search?q=JavaSampleCodes+language:Java&type=repositories,20.0,2.0,1152.0,,0.0,1.0,0.0,1,1,0,1,0,0,0,Resolve via build_repo_urls.py or GitHub search
57,JavaSamples,https://github.com/search?q=JavaSamples+language:Java&type=repositories,18.0,2.0,238.0,,0.0,1.0,0.0,0,0,0,1,0,0,0,Resolve via build_repo_urls.py or GitHub search
58,JavaSamplesCode,https://github.com/search?q=JavaSamplesCode+language:Java&type=repositories,2.0,1.0,1.0,,0.0,1.0,0.0,13,5,8,1,0,0,0,Resolve via build_repo_urls.py or GitHub search
59,JavaSnippets,https://github.com/search?q=JavaSnippets+language:Java&type=repositories,50.0,2.0,47.0,,0.0,1.0,0.0,2,1,1,1,0,0,0,Resolve via build_repo_urls.py or GitHub search
60,JavaTutorial,https://github.com/search?q=JavaTutorial+language:Java&type=repositories,190.0,9.0,2066.0,0.9777777777777776,1.0,0.0,0.0,2,1,1,1,1,0,1,Resolve via build_repo_urls.py or GitHub search
61,JavaTutorialProject,https://github.com/search?q=JavaTutorialProject+language:Java&type=repositories,1.0,1.0,0.0,,0.0,1.0,0.0,17,6,11,1,0,0,0,Resolve via build_repo_urls.py or GitHub search
62,JavaTutorialProjects,https://github.com/search?q=JavaTutorialProjects+language:Java&type=repositories,3.0,1.0,0.0,,0.0,1.0,0.0,114,94,20,1,0,0,0,Resolve via build_repo_urls.py or GitHub search
63,JavaTutorialProjectsGuidedPersonal,https://github.com/search?q=JavaTutorialProjectsGuidedPersonal+language:Java&type=repositories,1.0,1.0,0.0,,0.0,1.0,0.0,107,2,105,1,0,0,0,Resolve via build_repo_urls.py or GitHub search
64,JavaTutorialsProject,https://github.com/search?q=JavaTutorialsProject+language:Java&type=repositories,1.0,1.0,0.0,,0.0,1.0,0.0,71,24,47,1,0,0,0,Resolve via build_repo_urls.py or GitHub search
65,JavaWithMosh,https://github.com/search?q=JavaWithMosh+language:Java&type=repositories,10.0,1.0,7.0,,0.0,1.0,0.0,13,2,11,1,0,0,0,Resolve via build_repo_urls.py or GitHub search
66,Java_MVVM_with_Swing_and_RxJava_Examples,https://github.com/search?q=Java_MVVM_with_Swing_and_RxJava_Examples+language:Java&type=repositories,112.0,2.0,440.0,0.6,0.0,0.0,0.0,438,64,374,1,0,1,1,Resolve via build_repo_urls.py or GitHub search
67,Java_SampleCode,https://github.com/search?q=Java_SampleCode+language:Java&type=repositories,3.0,2.0,31.0,,0.0,1.0,0.0,289,36,253,1,0,0,0,Resolve via build_repo_urls.py or GitHub search
68,Java_Sample_Code,https://github.com/search?q=Java_Sample_Code+language:Java&type=repositories,,,,,,,,252,24,228,0,0,0,0,Resolve via build_repo_urls.py or GitHub search
69,Java_Sample_Codes,https://github.com/search?q=Java_Sample_Codes+language:Java&type=repositories,2.0,1.0,6.0,,0.0,0.0,0.0,188,43,145,1,0,0,0,Resolve via build_repo_urls.py or GitHub search
70,Java_Tutorials-Projects,https://github.com/search?q=Java_Tutorials-Projects+language:Java&type=repositories,6.0,1.0,16.0,,0.0,1.0,0.0,739,69,670,1,0,0,0,Resolve via build_repo_urls.py or GitHub search
71,KeyAuth-JAVA-api,https://github.com/search?q=KeyAuth-JAVA-api+language:Java&type=repositories,11.0,1.0,111.0,,0.0,0.0,0.0,31,1,30,1,0,0,0,Resolve via build_repo_urls.py or GitHub search
72,KodlamaIoJavaTutorialProjectsPart1Eclipse,https://github.com/search?q=KodlamaIoJavaTutorialProjectsPart1Eclipse+language:Java&type=repositories,7.0,2.0,2.0,,0.0,1.0,0.0,88,17,71,1,0,0,0,Resolve via build_repo_urls.py or GitHub search
73,KodlamaIoJavaTutorialProjectsPart1Intellij,https://github.com/search?q=KodlamaIoJavaTutorialProjectsPart1Intellij+language:Java&type=repositories,2.0,2.0,0.0,,0.0,1.0,0.0,95,17,78,1,0,0,0,Resolve via build_repo_urls.py or GitHub search
74,MLE5109-Course-samples,https://github.com/search?q=MLE5109-Course-samples+language:Java&type=repositories,23.0,1.0,72.0,,0.0,1.0,0.0,190,87,103,1,0,0,0,Resolve via build_repo_urls.py or GitHub search
75,MasteringJava,https://github.com/search?q=MasteringJava+language:Java&type=repositories,85.0,1.0,132.0,,0.0,1.0,0.0,352,154,198,1,0,0,0,Resolve via build_repo_urls.py or GitHub search
76,MipSDK-File-Java-Basic,https://github.com/search?q=MipSDK-File-Java-Basic+language:Java&type=repositories,41.0,6.0,1298.0,1.0,1.0,0.0,1.0,7,4,3,1,1,0,1,Resolve via build_repo_urls.py or GitHub search
77,Moxtra-Java-Sample-Code,https://github.com/search?q=Moxtra-Java-Sample-Code+language:Java&type=repositories,6.0,2.0,0.0,,0.0,1.0,0.0,16,4,12,1,0,0,0,Resolve via build_repo_urls.py or GitHub search
78,MyJavaNLayerTrials,https://github.com/search?q=MyJavaNLayerTrials+language:Java&type=repositories,5.0,1.0,595.0,,0.0,1.0,0.0,9,6,3,1,0,0,0,Resolve via build_repo_urls.py or GitHub search
79,MyJavaTutorialProject,https://github.com/search?q=MyJavaTutorialProject+language:Java&type=repositories,2.0,1.0,0.0,,0.0,1.0,0.0,113,13,100,1,0,0,0,Resolve via build_repo_urls.py or GitHub search
80,Nick_JavaSampleCode,https://github.com/search?q=Nick_JavaSampleCode+language:Java&type=repositories,1.0,1.0,0.0,,0.0,1.0,0.0,143,30,113,1,0,0,0,Resolve via build_repo_urls.py or GitHub search
81,OpenPgp-BounceCastle-Example,https://github.com/search?q=OpenPgp-BounceCastle-Example+language:Java&type=repositories,6.0,2.0,1166.0,0.75,0.0,0.0,0.0,16,1,15,1,0,1,1,Resolve via build_repo_urls.py or GitHub search
82,Proj11x,https://github.com/search?q=Proj11x+language:Java&type=repositories,1.0,1.0,0.0,,0.0,1.0,0.0,4,4,0,1,0,0,0,Resolve via build_repo_urls.py or GitHub search
83,REST-API-Sample,https://github.com/search?q=REST-API-Sample+language:Java&type=repositories,3.0,2.0,1500.0,,0.0,0.0,0.0,21,4,17,1,0,0,0,Resolve via build_repo_urls.py or GitHub search
84,RssDigesterWithCouchbase,https://github.com/search?q=RssDigesterWithCouchbase+language:Java&type=repositories,9.0,2.0,0.0,,0.0,1.0,0.0,8,3,5,1,0,0,0,Resolve via build_repo_urls.py or GitHub search
85,RxJavaDemoApplication,https://github.com/search?q=RxJavaDemoApplication+language:Java&type=repositories,5.0,1.0,147.0,,0.0,1.0,0.0,112,27,85,1,0,0,0,Resolve via build_repo_urls.py or GitHub search
86,SomeCode,https://github.com/search?q=SomeCode+language:Java&type=repositories,3.0,1.0,1.0,,0.0,1.0,0.0,11,6,5,1,0,0,0,Resolve via build_repo_urls.py or GitHub search
87,SparkJavaExamples,https://github.com/search?q=SparkJavaExamples+language:Java&type=repositories,1.0,1.0,0.0,,0.0,1.0,0.0,87,5,82,1,0,0,0,Resolve via build_repo_urls.py or GitHub search
88,SpringBoot-Java-Demo-application,https://github.com/search?q=SpringBoot-Java-Demo-application+language:Java&type=repositories,3.0,1.0,0.0,,0.0,1.0,0.0,10,6,4,1,0,0,0,Resolve via build_repo_urls.py or GitHub search
89,TA-Lib-Java-Examples,https://github.com/search?q=TA-Lib-Java-Examples+language:Java&type=repositories,4.0,3.0,1302.0,0.75,0.0,0.0,0.0,4,4,0,1,1,0,1,Resolve via build_repo_urls.py or GitHub search
90,TensorFlow-Java-Examples,https://github.com/search?q=TensorFlow-Java-Examples+language:Java&type=repositories,4.0,2.0,0.0,,0.0,1.0,0.0,2,1,1,1,0,0,0,Resolve via build_repo_urls.py or GitHub search
91,TestProject,https://github.com/search?q=TestProject+language:Java&type=repositories,1.0,1.0,0.0,,0.0,1.0,0.0,2,2,0,1,0,0,0,Resolve via build_repo_urls.py or GitHub search
92,ThinkingInJava,https://github.com/search?q=ThinkingInJava+language:Java&type=repositories,68.0,2.0,305.0,,0.0,1.0,0.0,1594,1051,543,1,0,0,0,Resolve via build_repo_urls.py or GitHub search
93,VLC-SCFS004-24-0650,https://github.com/search?q=VLC-SCFS004-24-0650+language:Java&type=repositories,138.0,1.0,21.0,,0.0,1.0,0.0,347,86,261,1,0,0,0,Resolve via build_repo_urls.py or GitHub search
94,VeraDemoCircleCI,https://github.com/search?q=VeraDemoCircleCI+language:Java&type=repositories,117.0,4.0,1155.0,,0.0,1.0,0.0,77,3,74,1,0,0,0,Resolve via build_repo_urls.py or GitHub search
95,ViniLibJava,https://github.com/search?q=ViniLibJava+language:Java&type=repositories,9.0,1.0,0.0,,0.0,1.0,0.0,5,2,3,1,0,0,0,Resolve via build_repo_urls.py or GitHub search
96,WebSocket-Demo,https://github.com/search?q=WebSocket-Demo+language:Java&type=repositories,,,,,,,,1,1,0,0,0,0,0,Resolve via build_repo_urls.py or GitHub search
97,_100DaysOfCode,https://github.com/search?q=_100DaysOfCode+language:Java&type=repositories,35.0,2.0,399.0,,0.0,1.0,0.0,58,8,50,1,0,0,0,Resolve via build_repo_urls.py or GitHub search
98,akka-java-examples,https://github.com/search?q=akka-java-examples+language:Java&type=repositories,12.0,1.0,33.0,0.8333333333333334,0.0,0.0,0.0,35,18,17,1,1,0,1,Resolve via build_repo_urls.py or GitHub search
99,alfresco-api-java-examples,https://github.com/search?q=alfresco-api-java-examples+language:Java&type=repositories,17.0,2.0,1325.0,0.5,0.0,0.0,0.0,106,93,13,1,0,1,1,Resolve via build_repo_urls.py or GitHub search
100,amazon-kinesis-analytics-beam-taxi-consumer,https://github.com/search?q=amazon-kinesis-analytics-beam-taxi-consumer+language:Java&type=repositories,83.0,9.0,1588.0,0.6666666666666666,0.0,0.0,0.0,29,11,18,1,1,0,1,Resolve via build_repo_urls.py or GitHub search
101,amazon-kinesis-analytics-streaming-etl,https://github.com/search?q=amazon-kinesis-analytics-streaming-etl+language:Java&type=repositories,77.0,8.0,1310.0,0.8333333333333334,0.0,0.0,1.0,17,1,16,1,1,0,1,Resolve via build_repo_urls.py or GitHub search
102,amazon-kinesis-data-analytics-flink-benchmarking-utility,https://github.com/search?q=amazon-kinesis-data-analytics-flink-benchmarking-utility+language:Java&type=repositories,14.0,7.0,1062.0,1.0,1.0,0.0,1.0,33,4,29,1,1,0,1,Resolve via build_repo_urls.py or GitHub search
103,amazon-translate-pdf,https://github.com/search?q=amazon-translate-pdf+language:Java&type=repositories,37.0,6.0,1036.0,,0.0,0.0,0.0,25,4,21,1,0,0,0,Resolve via build_repo_urls.py or GitHub search
104,amenity-reservation,https://github.com/search?q=amenity-reservation+language:Java&type=repositories,9.0,2.0,535.0,,0.0,1.0,0.0,11,8,3,1,0,0,0,Resolve via build_repo_urls.py or GitHub search
105,amv-trafficsoft-restclient-demo,https://github.com/search?q=amv-trafficsoft-restclient-demo+language:Java&type=repositories,22.0,2.0,287.0,,0.0,1.0,0.0,30,10,20,1,0,0,0,Resolve via build_repo_urls.py or GitHub search
106,angular-demo,https://github.com/search?q=angular-demo+language:Java&type=repositories,,,,,,,,0,0,0,0,0,0,0,Resolve via build_repo_urls.py or GitHub search
107,api,https://github.com/search?q=api+language:Java&type=repositories,64.0,5.0,664.0,0.9782608695652174,1.0,0.0,0.0,63,47,16,1,1,0,1,Resolve via build_repo_urls.py or GitHub search
108,appium-java-examples,https://github.com/search?q=appium-java-examples+language:Java&type=repositories,23.0,1.0,1024.0,0.5,0.0,0.0,0.0,99,20,79,1,1,0,1,Resolve via build_repo_urls.py or GitHub search
109,auth0-full-stack-java-example,https://github.com/search?q=auth0-full-stack-java-example+language:Java&type=repositories,71.0,1.0,211.0,0.75,0.0,0.0,0.0,273,76,197,1,1,0,1,Resolve via build_repo_urls.py or GitHub search
110,aws-amplify-example-recipe-app-react-native,https://github.com/search?q=aws-amplify-example-recipe-app-react-native+language:Java&type=repositories,57.0,6.0,875.0,,0.0,0.0,0.0,3,2,1,1,0,0,0,Resolve via build_repo_urls.py or GitHub search
111,aws-athena-udfs-textanalytics,https://github.com/search?q=aws-athena-udfs-textanalytics+language:Java&type=repositories,74.0,8.0,1103.0,0.75,0.0,0.0,0.0,78,2,76,1,1,0,1,Resolve via build_repo_urls.py or GitHub search
112,aws-cognito-java-desktop-app,https://github.com/search?q=aws-cognito-java-desktop-app+language:Java&type=repositories,39.0,15.0,2368.0,0.9047619047619048,1.0,0.0,0.0,166,6,160,1,1,0,1,Resolve via build_repo_urls.py or GitHub search
113,aws-lambda-api-java-example,https://github.com/search?q=aws-lambda-api-java-example+language:Java&type=repositories,2.0,1.0,0.0,,0.0,1.0,0.0,2,1,1,1,0,0,0,Resolve via build_repo_urls.py or GitHub search
114,azure-cafe,https://github.com/search?q=azure-cafe+language:Java&type=repositories,282.0,4.0,2100.0,,0.0,0.0,0.0,9,2,7,1,0,0,0,Resolve via build_repo_urls.py or GitHub search
115,azure-cosmos-cassandra-extensions-java-sample,https://github.com/search?q=azure-cosmos-cassandra-extensions-java-sample+language:Java&type=repositories,33.0,4.0,420.0,,0.0,1.0,0.0,15,2,13,1,0,0,0,Resolve via build_repo_urls.py or GitHub search
116,azure-cosmos-cassandra-extensions-java-sample-v4,https://github.com/search?q=azure-cosmos-cassandra-extensions-java-sample-v4+language:Java&type=repositories,53.0,6.0,492.0,-0.5,0.0,0.0,0.0,11,1,10,1,0,1,1,Resolve via build_repo_urls.py or GitHub search
117,azure-functions-samples-java,https://github.com/search?q=azure-functions-samples-java+language:Java&type=repositories,68.0,14.0,1658.0,1.0,1.0,0.0,1.0,80,43,37,1,1,0,1,Resolve via build_repo_urls.py or GitHub search
118,azure-search-java-samples,https://github.com/search?q=azure-search-java-samples+language:Java&type=repositories,168.0,13.0,2498.0,,0.0,1.0,1.0,100,20,80,1,0,0,0,Resolve via build_repo_urls.py or GitHub search
119,azure-spring-data-cosmos-java-sql-api-samples,https://github.com/search?q=azure-spring-data-cosmos-java-sql-api-samples+language:Java&type=repositories,42.0,9.0,1440.0,1.0,1.0,0.0,1.0,8,2,6,1,1,0,1,Resolve via build_repo_urls.py or GitHub search
120,azure4j-blog-samples,https://github.com/search?q=azure4j-blog-samples+language:Java&type=repositories,15.0,1.0,20.0,,0.0,1.0,0.0,72,25,47,1,0,0,0,Resolve via build_repo_urls.py or GitHub search
121,azurejava,https://github.com/search?q=azurejava+language:Java&type=repositories,2.0,2.0,0.0,,0.0,1.0,0.0,3,2,1,1,0,0,0,Resolve via build_repo_urls.py or GitHub search
122,basyx-java-examples,https://github.com/search?q=basyx-java-examples+language:Java&type=repositories,281.0,16.0,860.0,0.8333333333333334,0.0,0.0,0.0,597,261,336,1,1,0,1,Resolve via build_repo_urls.py or GitHub search
123,bazel-java,https://github.com/search?q=bazel-java+language:Java&type=repositories,52.0,2.0,2755.0,0.3333333333333333,0.0,0.0,0.0,33,18,15,1,0,1,1,Resolve via build_repo_urls.py or GitHub search
124,cap-java-bookstore-app,https://github.com/search?q=cap-java-bookstore-app+language:Java&type=repositories,5.0,1.0,13.0,,0.0,1.0,0.0,1,1,0,1,0,0,0,Resolve via build_repo_urls.py or GitHub search
125,clean-architecture-example,https://github.com/search?q=clean-architecture-example+language:Java&type=repositories,125.0,3.0,44.0,0.8421052631578947,0.0,0.0,0.0,222,53,169,1,0,1,1,Resolve via build_repo_urls.py or GitHub search
126,cleanarch,https://github.com/search?q=cleanarch+language:Java&type=repositories,8.0,2.0,339.0,0.6,0.0,0.0,0.0,81,37,44,1,0,1,1,Resolve via build_repo_urls.py or GitHub search
127,clickstream-consumer-for-apache-kafka,https://github.com/search?q=clickstream-consumer-for-apache-kafka+language:Java&type=repositories,46.0,9.0,1812.0,,0.0,0.0,0.0,205,13,192,1,0,0,0,Resolve via build_repo_urls.py or GitHub search
128,clickstream-producer-for-apache-kafka,https://github.com/search?q=clickstream-producer-for-apache-kafka+language:Java&type=repositories,57.0,11.0,1823.0,0.7777777777777778,0.0,0.0,1.0,259,11,248,1,1,0,1,Resolve via build_repo_urls.py or GitHub search
129,cloud-asset-erp-dataloading-using-java,https://github.com/search?q=cloud-asset-erp-dataloading-using-java+language:Java&type=repositories,7.0,1.0,1030.0,,0.0,1.0,0.0,11,2,9,1,0,0,0,Resolve via build_repo_urls.py or GitHub search
130,codeSamples,https://github.com/search?q=codeSamples+language:Java&type=repositories,809.0,5.0,4566.0,,0.0,0.0,0.0,8,5,3,1,0,0,0,Resolve via build_repo_urls.py or GitHub search
131,code_samples,https://github.com/search?q=code_samples+language:Java&type=repositories,,,,,,,,12,5,7,0,0,0,0,Resolve via build_repo_urls.py or GitHub search
132,communication-services-android-calling-hero,https://github.com/search?q=communication-services-android-calling-hero+language:Java&type=repositories,68.0,12.0,1092.0,0.8571428571428571,0.0,0.0,0.0,47,16,31,1,1,0,1,Resolve via build_repo_urls.py or GitHub search
133,core-java-ref,https://github.com/search?q=core-java-ref+language:Java&type=repositories,3.0,1.0,0.0,,0.0,1.0,0.0,21,9,12,1,0,0,0,Resolve via build_repo_urls.py or GitHub search
134,cqrs-lottery,https://github.com/search?q=cqrs-lottery+language:Java&type=repositories,18.0,1.0,29.0,,0.0,1.0,0.0,202,97,105,1,0,0,0,Resolve via build_repo_urls.py or GitHub search
135,creational-design-patterns-example,https://github.com/search?q=creational-design-patterns-example+language:Java&type=repositories,6.0,1.0,4.0,,0.0,1.0,0.0,25,19,6,1,0,0,0,Resolve via build_repo_urls.py or GitHub search
136,ctrader-open-api-v2-java-example,https://github.com/search?q=ctrader-open-api-v2-java-example+language:Java&type=repositories,31.0,10.0,2057.0,1.0,1.0,0.0,1.0,67,13,54,1,1,0,1,Resolve via build_repo_urls.py or GitHub search
137,cybersource-rest-samples-java,https://github.com/search?q=cybersource-rest-samples-java+language:Java&type=repositories,423.0,30.0,2670.0,0.9375,1.0,0.0,1.0,879,25,854,1,1,0,1,Resolve via build_repo_urls.py or GitHub search
138,data-box-samples,https://github.com/search?q=data-box-samples+language:Java&type=repositories,46.0,9.0,919.0,,0.0,0.0,0.0,232,1,231,1,0,0,0,Resolve via build_repo_urls.py or GitHub search
139,data-engineering-for-aws-immersion-day,https://github.com/search?q=data-engineering-for-aws-immersion-day+language:Java&type=repositories,119.0,11.0,2301.0,0.9545454545454546,1.0,0.0,1.0,17,5,12,1,1,0,1,Resolve via build_repo_urls.py or GitHub search
140,datomic-java-examples,https://github.com/search?q=datomic-java-examples+language:Java&type=repositories,71.0,8.0,4645.0,1.0,1.0,0.0,1.0,107,16,91,1,1,0,1,Resolve via build_repo_urls.py or GitHub search
141,day12-face-detection,https://github.com/search?q=day12-face-detection+language:Java&type=repositories,2.0,1.0,0.0,,0.0,1.0,0.0,2,0,2,1,0,0,0,Resolve via build_repo_urls.py or GitHub search
142,ddd,https://github.com/search?q=ddd+language:Java&type=repositories,21.0,2.0,2063.0,,0.0,0.0,0.0,5,3,2,1,0,0,0,Resolve via build_repo_urls.py or GitHub search
143,deadbolt-2-java-examples,https://github.com/search?q=deadbolt-2-java-examples+language:Java&type=repositories,47.0,5.0,1217.0,1.0,1.0,0.0,0.0,29,22,7,1,1,0,1,Resolve via build_repo_urls.py or GitHub search
144,demo,https://github.com/search?q=demo+language:Java&type=repositories,1047.0,6.0,1075.0,0.9493670886075948,1.0,0.0,0.0,1,1,0,1,1,0,1,Resolve via build_repo_urls.py or GitHub search
145,demo-DSV-java,https://github.com/search?q=demo-DSV-java+language:Java&type=repositories,3.0,1.0,0.0,,0.0,1.0,0.0,3,1,2,1,0,0,0,Resolve via build_repo_urls.py or GitHub search
146,demo-java,https://github.com/search?q=demo-java+language:Java&type=repositories,18.0,1.0,962.0,0.9411764705882352,1.0,0.0,0.0,115,18,97,1,1,0,1,Resolve via build_repo_urls.py or GitHub search
147,effective-java-examples,https://github.com/search?q=effective-java-examples+language:Java&type=repositories,7.0,2.0,1718.0,1.0,1.0,0.0,0.0,255,87,168,1,1,0,1,Resolve via build_repo_urls.py or GitHub search
148,elasticsearch,https://github.com/search?q=elasticsearch+language:Java&type=repositories,60912.0,1842.0,4252.0,,0.0,1.0,0.0,19,6,13,1,0,0,0,Resolve via build_repo_urls.py or GitHub search
149,encog-java-examples,https://github.com/search?q=encog-java-examples+language:Java&type=repositories,732.0,9.0,3333.0,,0.0,0.0,1.0,866,106,760,1,0,0,0,Resolve via build_repo_urls.py or GitHub search
150,examples-java,https://github.com/search?q=examples-java+language:Java&type=repositories,7.0,2.0,900.0,1.0,1.0,0.0,0.0,406,190,216,1,1,0,1,Resolve via build_repo_urls.py or GitHub search
151,feign-eureka,https://github.com/search?q=feign-eureka+language:Java&type=repositories,22.0,7.0,3700.0,1.0,1.0,0.0,1.0,1,0,1,1,1,0,1,Resolve via build_repo_urls.py or GitHub search
152,foglight-rest-api-java-sample-code,https://github.com/search?q=foglight-rest-api-java-sample-code+language:Java&type=repositories,8.0,3.0,97.0,,0.0,1.0,0.0,81,19,62,1,0,0,0,Resolve via build_repo_urls.py or GitHub search
153,gateway-java-sample-code,https://github.com/search?q=gateway-java-sample-code+language:Java&type=repositories,564.0,21.0,700.0,,0.0,0.0,0.0,120,14,106,1,0,0,0,Resolve via build_repo_urls.py or GitHub search
154,gemini-function-calling,https://github.com/search?q=gemini-function-calling+language:Java&type=repositories,14.0,1.0,10.0,,0.0,1.0,0.0,22,4,18,1,0,0,0,Resolve via build_repo_urls.py or GitHub search
155,gitstafette-explorer,https://github.com/search?q=gitstafette-explorer+language:Java&type=repositories,5.0,1.0,177.0,,0.0,1.0,0.0,3,2,1,1,0,0,0,Resolve via build_repo_urls.py or GitHub search
156,graphql,https://github.com/search?q=graphql+language:Java&type=repositories,13.0,1.0,7.0,0.0,0.0,0.0,0.0,74,29,45,1,0,1,1,Resolve via build_repo_urls.py or GitHub search
157,graphql-examples,https://github.com/search?q=graphql-examples+language:Java&type=repositories,5.0,1.0,1.0,,0.0,1.0,0.0,58,44,14,1,0,0,0,Resolve via build_repo_urls.py or GitHub search
158,graphql-java-examples,https://github.com/search?q=graphql-java-examples+language:Java&type=repositories,54.0,8.0,1566.0,0.5,0.0,0.0,0.0,66,35,31,1,1,0,1,Resolve via build_repo_urls.py or GitHub search
159,grpc-by-example-java,https://github.com/search?q=grpc-by-example-java+language:Java&type=repositories,130.0,12.0,1577.0,0.9629629629629628,1.0,0.0,0.0,176,63,113,1,1,0,1,Resolve via build_repo_urls.py or GitHub search
160,grpc-java,https://github.com/search?q=grpc-java+language:Java&type=repositories,7022.0,463.0,4052.0,0.0,0.0,1.0,1.0,3,2,1,1,0,1,1,Resolve via build_repo_urls.py or GitHub search
161,gs-accessing-data-jpa,https://github.com/search?q=gs-accessing-data-jpa+language:Java&type=repositories,272.0,43.0,4596.0,1.0,1.0,0.0,1.0,3,3,0,1,1,0,1,Resolve via build_repo_urls.py or GitHub search
162,gs-accessing-data-mongodb,https://github.com/search?q=gs-accessing-data-mongodb+language:Java&type=repositories,251.0,29.0,4598.0,1.0,1.0,0.0,1.0,5,4,1,1,1,0,1,Resolve via build_repo_urls.py or GitHub search
163,gs-accessing-data-mysql,https://github.com/search?q=gs-accessing-data-mysql+language:Java&type=repositories,188.0,32.0,4489.0,1.0,1.0,0.0,1.0,5,5,0,1,1,0,1,Resolve via build_repo_urls.py or GitHub search
164,gs-accessing-data-neo4j,https://github.com/search?q=gs-accessing-data-neo4j+language:Java&type=repositories,256.0,32.0,4668.0,1.0,1.0,0.0,1.0,4,3,1,1,1,0,1,Resolve via build_repo_urls.py or GitHub search
165,gs-accessing-data-r2dbc,https://github.com/search?q=gs-accessing-data-r2dbc+language:Java&type=repositories,138.0,18.0,4488.0,1.0,1.0,0.0,1.0,7,2,5,1,1,0,1,Resolve via build_repo_urls.py or GitHub search
166,gs-accessing-data-rest,https://github.com/search?q=gs-accessing-data-rest+language:Java&type=repositories,167.0,23.0,4353.0,1.0,1.0,0.0,1.0,15,4,11,1,1,0,1,Resolve via build_repo_urls.py or GitHub search
167,gs-accessing-mongodb-data-rest,https://github.com/search?q=gs-accessing-mongodb-data-rest+language:Java&type=repositories,150.0,21.0,4365.0,1.0,1.0,0.0,1.0,15,4,11,1,1,0,1,Resolve via build_repo_urls.py or GitHub search
168,gs-accessing-neo4j-data-rest,https://github.com/search?q=gs-accessing-neo4j-data-rest+language:Java&type=repositories,172.0,20.0,4367.0,0.96,1.0,0.0,1.0,15,4,11,1,1,0,1,Resolve via build_repo_urls.py or GitHub search
169,gs-accessing-vault,https://github.com/search?q=gs-accessing-vault+language:Java&type=repositories,147.0,18.0,4483.0,1.0,1.0,0.0,1.0,2,2,0,1,1,0,1,Resolve via build_repo_urls.py or GitHub search
170,gs-actuator-service,https://github.com/search?q=gs-actuator-service+language:Java&type=repositories,244.0,32.0,4656.0,1.0,1.0,0.0,1.0,6,4,2,1,1,0,1,Resolve via build_repo_urls.py or GitHub search
171,gs-async-method,https://github.com/search?q=gs-async-method+language:Java&type=repositories,207.0,24.0,4565.0,1.0,1.0,0.0,1.0,7,3,4,1,1,0,1,Resolve via build_repo_urls.py or GitHub search
172,gs-authenticating-ldap,https://github.com/search?q=gs-authenticating-ldap+language:Java&type=repositories,251.0,31.0,4649.0,1.0,1.0,0.0,1.0,7,5,2,1,1,0,1,Resolve via build_repo_urls.py or GitHub search
173,gs-batch-processing,https://github.com/search?q=gs-batch-processing+language:Java&type=repositories,284.0,36.0,4627.0,1.0,1.0,0.0,1.0,9,3,6,1,1,0,1,Resolve via build_repo_urls.py or GitHub search
174,gs-caching,https://github.com/search?q=gs-caching+language:Java&type=repositories,153.0,21.0,4461.0,1.0,1.0,0.0,1.0,10,8,2,1,1,0,1,Resolve via build_repo_urls.py or GitHub search
175,gs-centralized-configuration,https://github.com/search?q=gs-centralized-configuration+language:Java&type=repositories,254.0,26.0,4675.0,1.0,1.0,0.0,1.0,4,4,0,1,1,0,1,Resolve via build_repo_urls.py or GitHub search
176,gs-cloud-circuit-breaker,https://github.com/search?q=gs-cloud-circuit-breaker+language:Java&type=repositories,171.0,22.0,4416.0,1.0,1.0,0.0,1.0,7,6,1,1,1,0,1,Resolve via build_repo_urls.py or GitHub search
177,gs-consuming-rest,https://github.com/search?q=gs-consuming-rest+language:Java&type=repositories,262.0,35.0,4628.0,1.0,1.0,0.0,1.0,3,3,0,1,1,0,1,Resolve via build_repo_urls.py or GitHub search
178,gs-consuming-web-service,https://github.com/search?q=gs-consuming-web-service+language:Java&type=repositories,156.0,19.0,4376.0,1.0,1.0,0.0,1.0,4,3,1,1,1,0,1,Resolve via build_repo_urls.py or GitHub search
179,gs-contract-rest,https://github.com/search?q=gs-contract-rest+language:Java&type=repositories,153.0,20.0,4484.0,1.0,1.0,0.0,1.0,29,14,15,1,1,0,1,Resolve via build_repo_urls.py or GitHub search
180,gs-crud-with-vaadin,https://github.com/search?q=gs-crud-with-vaadin+language:Java&type=repositories,249.0,31.0,3859.0,1.0,1.0,0.0,1.0,12,7,5,1,1,0,1,Resolve via build_repo_urls.py or GitHub search
181,gs-gateway,https://github.com/search?q=gs-gateway+language:Java&type=repositories,153.0,20.0,4461.0,1.0,1.0,0.0,1.0,8,3,5,1,1,0,1,Resolve via build_repo_urls.py or GitHub search
182,gs-handling-form-submission,https://github.com/search?q=gs-handling-form-submission+language:Java&type=repositories,197.0,24.0,4564.0,1.0,1.0,0.0,1.0,5,4,1,1,1,0,1,Resolve via build_repo_urls.py or GitHub search
183,gs-integration,https://github.com/search?q=gs-integration+language:Java&type=repositories,217.0,24.0,4608.0,1.0,1.0,0.0,1.0,3,3,0,1,1,0,1,Resolve via build_repo_urls.py or GitHub search
184,gs-managing-transactions,https://github.com/search?q=gs-managing-transactions+language:Java&type=repositories,209.0,21.0,4556.0,1.0,1.0,0.0,1.0,8,3,5,1,1,0,1,Resolve via build_repo_urls.py or GitHub search
185,gs-messaging-jms,https://github.com/search?q=gs-messaging-jms+language:Java&type=repositories,248.0,35.0,4654.0,1.0,1.0,0.0,1.0,2,2,0,1,1,0,1,Resolve via build_repo_urls.py or GitHub search
186,gs-messaging-rabbitmq,https://github.com/search?q=gs-messaging-rabbitmq+language:Java&type=repositories,236.0,27.0,4642.0,1.0,1.0,0.0,1.0,5,2,3,1,1,0,1,Resolve via build_repo_urls.py or GitHub search
187,gs-messaging-redis,https://github.com/search?q=gs-messaging-redis+language:Java&type=repositories,234.0,25.0,4642.0,1.0,1.0,0.0,1.0,2,1,1,1,1,0,1,Resolve via build_repo_urls.py or GitHub search
188,gs-messaging-stomp-websocket,https://github.com/search?q=gs-messaging-stomp-websocket+language:Java&type=repositories,188.0,32.0,4539.0,1.0,1.0,0.0,1.0,9,5,4,1,1,0,1,Resolve via build_repo_urls.py or GitHub search
189,gs-multi-module,https://github.com/search?q=gs-multi-module+language:Java&type=repositories,97.0,18.0,3298.0,1.0,1.0,0.0,1.0,6,6,0,1,1,0,1,Resolve via build_repo_urls.py or GitHub search
190,gs-producing-web-service,https://github.com/search?q=gs-producing-web-service+language:Java&type=repositories,175.0,26.0,4420.0,1.0,1.0,0.0,1.0,7,6,1,1,1,0,1,Resolve via build_repo_urls.py or GitHub search
191,gs-reactive-rest-service,https://github.com/search?q=gs-reactive-rest-service+language:Java&type=repositories,179.0,26.0,4434.0,1.0,1.0,0.0,1.0,5,2,3,1,1,0,1,Resolve via build_repo_urls.py or GitHub search
192,gs-relational-data-access,https://github.com/search?q=gs-relational-data-access+language:Java&type=repositories,3.0,1.0,0.0,,0.0,1.0,0.0,3,1,2,1,0,0,0,Resolve via build_repo_urls.py or GitHub search
193,gs-rest-hateoas,https://github.com/search?q=gs-rest-hateoas+language:Java&type=repositories,243.0,29.0,4619.0,1.0,1.0,0.0,1.0,10,6,4,1,1,0,1,Resolve via build_repo_urls.py or GitHub search
194,gs-rest-service,https://github.com/search?q=gs-rest-service+language:Java&type=repositories,403.0,46.0,4682.0,1.0,1.0,0.0,1.0,6,4,2,1,1,0,1,Resolve via build_repo_urls.py or GitHub search
195,gs-rest-service-cors,https://github.com/search?q=gs-rest-service-cors+language:Java&type=repositories,128.0,13.0,1932.0,,0.0,1.0,1.0,6,4,2,1,0,0,0,Resolve via build_repo_urls.py or GitHub search
196,gs-scheduling-tasks,https://github.com/search?q=gs-scheduling-tasks+language:Java&type=repositories,261.0,26.0,4656.0,1.0,1.0,0.0,1.0,4,2,2,1,1,0,1,Resolve via build_repo_urls.py or GitHub search
197,gs-securing-web,https://github.com/search?q=gs-securing-web+language:Java&type=repositories,289.0,45.0,4615.0,1.0,1.0,0.0,1.0,6,5,1,1,1,0,1,Resolve via build_repo_urls.py or GitHub search
198,gs-service-registration-and-discovery,https://github.com/search?q=gs-service-registration-and-discovery+language:Java&type=repositories,241.0,27.0,4654.0,1.0,1.0,0.0,1.0,5,5,0,1,1,0,1,Resolve via build_repo_urls.py or GitHub search
199,gs-serving-web-content,https://github.com/search?q=gs-serving-web-content+language:Java&type=repositories,212.0,28.0,4522.0,1.0,1.0,0.0,1.0,4,4,0,1,1,0,1,Resolve via build_repo_urls.py or GitHub search
200,gs-spring-boot,https://github.com/search?q=gs-spring-boot+language:Java&type=repositories,270.0,48.0,4573.0,1.0,1.0,0.0,1.0,6,5,1,1,1,0,1,Resolve via build_repo_urls.py or GitHub search
201,gs-spring-boot-docker,https://github.com/search?q=gs-spring-boot-docker+language:Java&type=repositories,202.0,36.0,3964.0,1.0,1.0,0.0,1.0,8,4,4,1,1,0,1,Resolve via build_repo_urls.py or GitHub search
202,gs-spring-cloud-loadbalancer,https://github.com/search?q=gs-spring-cloud-loadbalancer+language:Java&type=repositories,55.0,13.0,2325.0,1.0,1.0,0.0,1.0,24,9,15,1,1,0,1,Resolve via build_repo_urls.py or GitHub search
203,gs-spring-cloud-stream,https://github.com/search?q=gs-spring-cloud-stream+language:Java&type=repositories,25.0,11.0,2275.0,1.0,1.0,0.0,1.0,11,6,5,1,1,0,1,Resolve via build_repo_urls.py or GitHub search
204,gs-spring-data-reactive-redis,https://github.com/search?q=gs-spring-data-reactive-redis+language:Java&type=repositories,129.0,13.0,4461.0,1.0,1.0,0.0,1.0,6,4,2,1,1,0,1,Resolve via build_repo_urls.py or GitHub search
205,gs-tanzu-observability,https://github.com/search?q=gs-tanzu-observability+language:Java&type=repositories,35.0,10.0,1821.0,,0.0,0.0,1.0,10,6,4,1,0,0,0,Resolve via build_repo_urls.py or GitHub search
206,gs-testing-restdocs,https://github.com/search?q=gs-testing-restdocs+language:Java&type=repositories,70.0,16.0,3229.0,1.0,1.0,0.0,1.0,12,7,5,1,1,0,1,Resolve via build_repo_urls.py or GitHub search
207,gs-testing-web,https://github.com/search?q=gs-testing-web+language:Java&type=repositories,3.0,2.0,0.0,,0.0,1.0,0.0,9,8,1,1,0,0,0,Resolve via build_repo_urls.py or GitHub search
208,gs-uploading-files,https://github.com/search?q=gs-uploading-files+language:Java&type=repositories,267.0,37.0,4634.0,1.0,1.0,0.0,1.0,20,11,9,1,1,0,1,Resolve via build_repo_urls.py or GitHub search
209,gs-validating-form-input,https://github.com/search?q=gs-validating-form-input+language:Java&type=repositories,240.0,28.0,4637.0,1.0,1.0,0.0,1.0,4,4,0,1,1,0,1,Resolve via build_repo_urls.py or GitHub search
210,gs-vault-config,https://github.com/search?q=gs-vault-config+language:Java&type=repositories,143.0,22.0,4461.0,1.0,1.0,0.0,1.0,2,2,0,1,1,0,1,Resolve via build_repo_urls.py or GitHub search
211,gst1-java-examples,https://github.com/search?q=gst1-java-examples+language:Java&type=repositories,49.0,5.0,2538.0,0.9411764705882352,1.0,0.0,0.0,307,35,272,1,1,0,1,Resolve via build_repo_urls.py or GitHub search
212,hazelcast-test,https://github.com/search?q=hazelcast-test+language:Java&type=repositories,2.0,1.0,0.0,,0.0,1.0,0.0,7,3,4,1,0,0,0,Resolve via build_repo_urls.py or GitHub search
213,hexagonal-architecture-java,https://github.com/search?q=hexagonal-architecture-java+language:Java&type=repositories,52.0,2.0,533.0,,0.0,0.0,0.0,7,5,2,1,0,0,0,Resolve via build_repo_urls.py or GitHub search
214,hms-push-serverdemo-java,https://github.com/search?q=hms-push-serverdemo-java+language:Java&type=repositories,33.0,6.0,1126.0,0.8823529411764706,0.0,0.0,0.0,174,65,109,1,1,0,1,Resolve via build_repo_urls.py or GitHub search
215,htm.java-examples,https://github.com/search?q=htm.java-examples+language:Java&type=repositories,58.0,5.0,388.0,,0.0,1.0,0.0,344,16,328,1,0,0,0,Resolve via build_repo_urls.py or GitHub search
216,ibm-developer-java,https://github.com/search?q=ibm-developer-java+language:Java&type=repositories,10.0,4.0,137.0,,0.0,0.0,1.0,38,15,23,1,0,0,0,Resolve via build_repo_urls.py or GitHub search
217,integration-sample-lambda-msk,https://github.com/search?q=integration-sample-lambda-msk+language:Java&type=repositories,43.0,10.0,1734.0,1.0,1.0,0.0,1.0,22,1,21,1,1,0,1,Resolve via build_repo_urls.py or GitHub search
218,item-manager,https://github.com/search?q=item-manager+language:Java&type=repositories,4.0,1.0,90.0,,0.0,1.0,0.0,7,4,3,1,0,0,0,Resolve via build_repo_urls.py or GitHub search
219,janusgraph-java-example,https://github.com/search?q=janusgraph-java-example+language:Java&type=repositories,6.0,1.0,509.0,,0.0,0.0,0.0,4,1,3,1,0,0,0,Resolve via build_repo_urls.py or GitHub search
220,java-by-rkaranam,https://github.com/search?q=java-by-rkaranam+language:Java&type=repositories,,,,,,,,288,98,190,0,0,0,0,Resolve via build_repo_urls.py or GitHub search
221,java-clean-architecture-example,https://github.com/search?q=java-clean-architecture-example+language:Java&type=repositories,132.0,1.0,284.0,,0.0,0.0,0.0,778,290,488,1,0,0,0,Resolve via build_repo_urls.py or GitHub search
222,java-code-demo,https://github.com/search?q=java-code-demo+language:Java&type=repositories,42.0,3.0,420.0,-0.5,0.0,0.0,0.0,52,14,38,1,0,1,1,Resolve via build_repo_urls.py or GitHub search
223,java-code-sample,https://github.com/search?q=java-code-sample+language:Java&type=repositories,,,,,,,,134,80,54,0,0,0,0,Resolve via build_repo_urls.py or GitHub search
224,java-codebits-cellar,https://github.com/search?q=java-codebits-cellar+language:Java&type=repositories,38.0,1.0,8.0,,0.0,0.0,0.0,93,40,53,1,0,0,0,Resolve via build_repo_urls.py or GitHub search
225,java-coding-practice,https://github.com/search?q=java-coding-practice+language:Java&type=repositories,42.0,3.0,370.0,,0.0,0.0,0.0,68,1,67,1,0,0,0,Resolve via build_repo_urls.py or GitHub search
226,java-demo,https://github.com/search?q=java-demo+language:Java&type=repositories,143.0,10.0,2022.0,1.0,1.0,0.0,1.0,3,0,3,1,1,0,1,Resolve via build_repo_urls.py or GitHub search
227,java-demoapp,https://github.com/search?q=java-demoapp+language:Java&type=repositories,39.0,1.0,620.0,0.75,0.0,0.0,0.0,23,10,13,1,1,0,1,Resolve via build_repo_urls.py or GitHub search
228,java-design-patterns-1,https://github.com/search?q=java-design-patterns-1+language:Java&type=repositories,27.0,1.0,272.0,,0.0,1.0,0.0,130,91,39,1,0,0,0,Resolve via build_repo_urls.py or GitHub search
229,java-hospital-patients-registry,https://github.com/search?q=java-hospital-patients-registry+language:Java&type=repositories,13.0,2.0,91.0,,0.0,1.0,0.0,10,5,5,1,0,0,0,Resolve via build_repo_urls.py or GitHub search
230,java-hub,https://github.com/search?q=java-hub+language:Java&type=repositories,,,,,,,,665,293,372,0,0,0,0,Resolve via build_repo_urls.py or GitHub search
231,java-lessons-landfill,https://github.com/search?q=java-lessons-landfill+language:Java&type=repositories,47.0,2.0,44.0,,0.0,1.0,0.0,184,70,114,1,0,0,0,Resolve via build_repo_urls.py or GitHub search
232,java-oop-examples,https://github.com/search?q=java-oop-examples+language:Java&type=repositories,9.0,2.0,1547.0,,0.0,0.0,0.0,5,4,1,1,0,0,0,Resolve via build_repo_urls.py or GitHub search
233,java-ort-example-yolov5,https://github.com/search?q=java-ort-example-yolov5+language:Java&type=repositories,11.0,4.0,238.0,0.5714285714285714,0.0,0.0,0.0,92,8,84,1,1,0,1,Resolve via build_repo_urls.py or GitHub search
234,java-tensorflow-samples,https://github.com/search?q=java-tensorflow-samples+language:Java&type=repositories,29.0,1.0,29.0,,0.0,1.0,0.0,113,19,94,1,0,0,0,Resolve via build_repo_urls.py or GitHub search
235,java-tuto-1,https://github.com/search?q=java-tuto-1+language:Java&type=repositories,18.0,2.0,490.0,,0.0,1.0,0.0,103,38,65,1,0,0,0,Resolve via build_repo_urls.py or GitHub search
236,java-tutorial-project,https://github.com/search?q=java-tutorial-project+language:Java&type=repositories,4.0,1.0,10.0,,0.0,1.0,0.0,8,6,2,1,0,0,0,Resolve via build_repo_urls.py or GitHub search
237,javaRepo,https://github.com/search?q=javaRepo+language:Java&type=repositories,29.0,3.0,551.0,,0.0,0.0,0.0,31,12,19,1,0,0,0,Resolve via build_repo_urls.py or GitHub search
238,javaSamples1,https://github.com/search?q=javaSamples1+language:Java&type=repositories,1.0,1.0,0.0,,0.0,1.0,0.0,119,24,95,1,0,0,0,Resolve via build_repo_urls.py or GitHub search
239,java_code_samples,https://github.com/search?q=java_code_samples+language:Java&type=repositories,,,,,,,,9,3,6,0,0,0,0,Resolve via build_repo_urls.py or GitHub search
240,java_examples,https://github.com/search?q=java_examples+language:Java&type=repositories,14.0,3.0,1871.0,0.6666666666666666,0.0,0.0,0.0,10,4,6,1,1,0,1,Resolve via build_repo_urls.py or GitHub search
241,java_library,https://github.com/search?q=java_library+language:Java&type=repositories,,,,,,,,20,6,14,0,0,0,0,Resolve via build_repo_urls.py or GitHub search
242,java_programming_language,https://github.com/search?q=java_programming_language+language:Java&type=repositories,56.0,1.0,599.0,,0.0,1.0,0.0,267,35,232,1,0,0,0,Resolve via build_repo_urls.py or GitHub search
243,java_sample,https://github.com/search?q=java_sample+language:Java&type=repositories,,,,,,,,3,3,0,0,0,0,0,Resolve via build_repo_urls.py or GitHub search
244,java_samples,https://github.com/search?q=java_samples+language:Java&type=repositories,,,,,,,,486,227,259,0,0,0,0,Resolve via build_repo_urls.py or GitHub search
245,javabackend_project,https://github.com/search?q=javabackend_project+language:Java&type=repositories,10.0,5.0,0.0,,0.0,1.0,0.0,4,2,2,1,0,0,0,Resolve via build_repo_urls.py or GitHub search
246,javaboy-code-samples,https://github.com/search?q=javaboy-code-samples+language:Java&type=repositories,104.0,1.0,1465.0,0.9090909090909092,1.0,0.0,0.0,1120,632,488,1,1,0,1,Resolve via build_repo_urls.py or GitHub search
247,javademo,https://github.com/search?q=javademo+language:Java&type=repositories,397.0,67.0,0.0,,0.0,1.0,0.0,3,3,0,1,0,0,0,Resolve via build_repo_urls.py or GitHub search
248,javademos,https://github.com/search?q=javademos+language:Java&type=repositories,117.0,2.0,1405.0,,0.0,0.0,0.0,95,35,60,1,0,0,0,Resolve via build_repo_urls.py or GitHub search
249,javafx-demodesktop-application,https://github.com/search?q=javafx-demodesktop-application+language:Java&type=repositories,1.0,1.0,0.0,,0.0,1.0,0.0,6,2,4,1,0,0,0,Resolve via build_repo_urls.py or GitHub search
250,javafx-examples,https://github.com/search?q=javafx-examples+language:Java&type=repositories,100.0,4.0,78.0,0.7142857142857143,0.0,0.0,0.0,60,11,49,1,0,1,1,Resolve via build_repo_urls.py or GitHub search
251,javalab,https://github.com/search?q=javalab+language:Java&type=repositories,81.0,8.0,119.0,0.0,0.0,0.0,0.0,211,53,158,1,0,1,1,Resolve via build_repo_urls.py or GitHub search
252,javalabs,https://github.com/search?q=javalabs+language:Java&type=repositories,19.0,2.0,51.0,,0.0,1.0,0.0,11,4,7,1,0,0,0,Resolve via build_repo_urls.py or GitHub search
253,javamoney-examples,https://github.com/search?q=javamoney-examples+language:Java&type=repositories,472.0,10.0,4455.0,0.9565217391304348,1.0,0.0,1.0,1862,373,1489,1,1,0,1,Resolve via build_repo_urls.py or GitHub search
254,javaplays-alchemyapi,https://github.com/search?q=javaplays-alchemyapi+language:Java&type=repositories,8.0,2.0,35.0,,0.0,1.0,0.0,14,12,2,1,0,0,0,Resolve via build_repo_urls.py or GitHub search
255,javatut,https://github.com/search?q=javatut+language:Java&type=repositories,,,,,,,,85,24,61,0,0,0,0,Resolve via build_repo_urls.py or GitHub search
256,javazuki-sample-codes,https://github.com/search?q=javazuki-sample-codes+language:Java&type=repositories,10.0,2.0,209.0,,0.0,1.0,0.0,15,8,7,1,0,0,0,Resolve via build_repo_urls.py or GitHub search
257,jdemo,https://github.com/search?q=jdemo+language:Java&type=repositories,,,,,,,,41,29,12,0,0,0,0,Resolve via build_repo_urls.py or GitHub search
258,jnao-example,https://github.com/search?q=jnao-example+language:Java&type=repositories,38.0,3.0,38.0,,0.0,0.0,0.0,345,86,259,1,0,0,0,Resolve via build_repo_urls.py or GitHub search
259,kafka-producer-consumer-java-example,https://github.com/search?q=kafka-producer-consumer-java-example+language:Java&type=repositories,4.0,2.0,16.0,,0.0,1.0,0.0,8,1,7,1,0,0,0,Resolve via build_repo_urls.py or GitHub search
260,levelup-java-examples,https://github.com/search?q=levelup-java-examples+language:Java&type=repositories,592.0,2.0,955.0,0.6666666666666666,0.0,0.0,0.0,2333,389,1944,1,0,1,1,Resolve via build_repo_urls.py or GitHub search
261,mau,https://github.com/search?q=mau+language:Java&type=repositories,,,,,,,,55,7,48,0,0,0,0,Resolve via build_repo_urls.py or GitHub search
262,mongodb-java-examples,https://github.com/search?q=mongodb-java-examples+language:Java&type=repositories,21.0,1.0,664.0,,0.0,1.0,0.0,27,10,17,1,0,0,0,Resolve via build_repo_urls.py or GitHub search
263,ms-identity-android-java,https://github.com/search?q=ms-identity-android-java+language:Java&type=repositories,112.0,28.0,2221.0,1.0,1.0,0.0,1.0,62,11,51,1,1,0,1,Resolve via build_repo_urls.py or GitHub search
264,ms-identity-docs-code-java,https://github.com/search?q=ms-identity-docs-code-java+language:Java&type=repositories,29.0,8.0,1064.0,,0.0,0.0,1.0,0,0,0,1,0,0,0,Resolve via build_repo_urls.py or GitHub search
265,msa-ddd-eventsourcing,https://github.com/search?q=msa-ddd-eventsourcing+language:Java&type=repositories,70.0,6.0,60.0,-0.2,0.0,0.0,0.0,94,68,26,1,0,1,1,Resolve via build_repo_urls.py or GitHub search
266,neow3j-examples-java,https://github.com/search?q=neow3j-examples-java+language:Java&type=repositories,351.0,9.0,2616.0,0.8181818181818182,0.0,0.0,0.0,110,51,59,1,1,0,1,Resolve via build_repo_urls.py or GitHub search
267,netflix-dgs-example-java,https://github.com/search?q=netflix-dgs-example-java+language:Java&type=repositories,108.0,4.0,417.0,,0.0,0.0,0.0,196,93,103,1,0,0,0,Resolve via build_repo_urls.py or GitHub search
268,olami-nlu-samples-java,https://github.com/search?q=olami-nlu-samples-java+language:Java&type=repositories,2.0,1.0,0.0,,0.0,1.0,0.0,296,19,277,1,0,0,0,Resolve via build_repo_urls.py or GitHub search
269,old_java_code,https://github.com/search?q=old_java_code+language:Java&type=repositories,3.0,1.0,4.0,,0.0,1.0,0.0,58,16,42,1,0,0,0,Resolve via build_repo_urls.py or GitHub search
270,on_the_road_java,https://github.com/search?q=on_the_road_java+language:Java&type=repositories,43.0,1.0,248.0,,0.0,1.0,0.0,146,89,57,1,0,0,0,Resolve via build_repo_urls.py or GitHub search
271,open-liberty-on-aks,https://github.com/search?q=open-liberty-on-aks+language:Java&type=repositories,124.0,11.0,1575.0,0.7777777777777778,0.0,0.0,1.0,8,6,2,1,1,0,1,Resolve via build_repo_urls.py or GitHub search
272,opencv-test,https://github.com/search?q=opencv-test+language:Java&type=repositories,8.0,2.0,5.0,,0.0,0.0,0.0,35,7,28,1,0,0,0,Resolve via build_repo_urls.py or GitHub search
273,opentelemetry-java-examples,https://github.com/search?q=opentelemetry-java-examples+language:Java&type=repositories,928.0,39.0,1556.0,0.9245283018867924,1.0,0.0,1.0,349,92,257,1,1,0,1,Resolve via build_repo_urls.py or GitHub search
274,oracle-spatial-visualizer-demo,https://github.com/search?q=oracle-spatial-visualizer-demo+language:Java&type=repositories,5.0,1.0,0.0,,0.0,1.0,0.0,11,2,9,1,0,0,0,Resolve via build_repo_urls.py or GitHub search
275,oracle_java_tutorial_projects,https://github.com/search?q=oracle_java_tutorial_projects+language:Java&type=repositories,1.0,1.0,0.0,,0.0,1.0,0.0,27,10,17,1,0,0,0,Resolve via build_repo_urls.py or GitHub search
276,outlook-actionable-messages-java-token-validation,https://github.com/search?q=outlook-actionable-messages-java-token-validation+language:Java&type=repositories,27.0,5.0,977.0,,0.0,1.0,0.0,3,1,2,1,0,0,0,Resolve via build_repo_urls.py or GitHub search
277,pe-solutions-in-java,https://github.com/search?q=pe-solutions-in-java+language:Java&type=repositories,24.0,2.0,87.0,,0.0,0.0,0.0,50,5,45,1,0,0,0,Resolve via build_repo_urls.py or GitHub search
278,pit-example,https://github.com/search?q=pit-example+language:Java&type=repositories,8.0,2.0,1715.0,,0.0,0.0,0.0,3,1,2,1,0,0,0,Resolve via build_repo_urls.py or GitHub search
279,play-demo-twitbookplus,https://github.com/search?q=play-demo-twitbookplus+language:Java&type=repositories,7.0,1.0,0.0,,0.0,1.0,0.0,22,12,10,1,0,0,0,Resolve via build_repo_urls.py or GitHub search
280,potential-octo-chainsaw,https://github.com/search?q=potential-octo-chainsaw+language:Java&type=repositories,22.0,1.0,39.0,,0.0,1.0,0.0,91,36,55,1,0,0,0,Resolve via build_repo_urls.py or GitHub search
281,project-k,https://github.com/search?q=project-k+language:Java&type=repositories,,,,,,,,865,19,846,0,0,0,0,Resolve via build_repo_urls.py or GitHub search
282,reactive-refarch-cloudformation,https://github.com/search?q=reactive-refarch-cloudformation+language:Java&type=repositories,130.0,8.0,2370.0,0.5,0.0,0.0,0.0,26,8,18,1,1,0,1,Resolve via build_repo_urls.py or GitHub search
283,receive_payment_java,https://github.com/search?q=receive_payment_java+language:Java&type=repositories,4.0,1.0,0.0,,0.0,1.0,0.0,7,0,7,1,0,0,0,Resolve via build_repo_urls.py or GitHub search
284,redisson-examples,https://github.com/search?q=redisson-examples+language:Java&type=repositories,24.0,7.0,2871.0,1.0,1.0,0.0,1.0,261,61,200,1,1,0,1,Resolve via build_repo_urls.py or GitHub search
285,sc-contract-car-rental,https://github.com/search?q=sc-contract-car-rental+language:Java&type=repositories,,,,,,,,50,18,32,0,0,0,0,Resolve via build_repo_urls.py or GitHub search
286,sdacademy-examples,https://github.com/search?q=sdacademy-examples+language:Java&type=repositories,234.0,4.0,666.0,,0.0,0.0,0.0,618,222,396,1,0,0,0,Resolve via build_repo_urls.py or GitHub search
287,sendOTPSample-JAVA,https://github.com/search?q=sendOTPSample-JAVA+language:Java&type=repositories,1.0,1.0,0.0,,0.0,1.0,0.0,5,2,3,1,0,0,0,Resolve via build_repo_urls.py or GitHub search
288,sleuth-documentation-apps,https://github.com/search?q=sleuth-documentation-apps+language:Java&type=repositories,6.0,1.0,21.0,,0.0,1.0,0.0,48,11,37,1,0,0,0,Resolve via build_repo_urls.py or GitHub search
289,sleuth-issues,https://github.com/search?q=sleuth-issues+language:Java&type=repositories,245.0,12.0,2407.0,0.3333333333333333,0.0,0.0,0.0,104,41,63,1,1,0,1,Resolve via build_repo_urls.py or GitHub search
290,solent2Public,https://github.com/search?q=solent2Public+language:Java&type=repositories,733.0,7.0,1181.0,0.1666666666666666,0.0,0.0,0.0,3711,1908,1803,1,1,0,1,Resolve via build_repo_urls.py or GitHub search
291,solid,https://github.com/search?q=solid+language:Java&type=repositories,23.0,1.0,1.0,0.9166666666666666,1.0,0.0,0.0,40,32,8,1,1,0,1,Resolve via build_repo_urls.py or GitHub search
292,spark-cassandra-java-example,https://github.com/search?q=spark-cassandra-java-example+language:Java&type=repositories,5.0,2.0,19.0,,0.0,0.0,0.0,32,1,31,1,0,0,0,Resolve via build_repo_urls.py or GitHub search
293,spring-javafx-examples,https://github.com/search?q=spring-javafx-examples+language:Java&type=repositories,41.0,2.0,360.0,,0.0,0.0,0.0,44,44,0,1,0,0,0,Resolve via build_repo_urls.py or GitHub search
294,springBoot-java,https://github.com/search?q=springBoot-java+language:Java&type=repositories,,,,,,,,1,1,0,0,0,0,0,Resolve via build_repo_urls.py or GitHub search
295,stock-trading-with-java-isc1128,https://github.com/search?q=stock-trading-with-java-isc1128+language:Java&type=repositories,43.0,5.0,303.0,0.8333333333333334,0.0,0.0,0.0,227,32,195,1,1,0,1,Resolve via build_repo_urls.py or GitHub search
296,structural-design-pattern-example,https://github.com/search?q=structural-design-pattern-example+language:Java&type=repositories,5.0,1.0,39.0,,0.0,1.0,0.0,34,19,15,1,0,0,0,Resolve via build_repo_urls.py or GitHub search
297,syok_with_java,https://github.com/search?q=syok_with_java+language:Java&type=repositories,12.0,1.0,0.0,,0.0,1.0,0.0,35,21,14,1,0,0,0,Resolve via build_repo_urls.py or GitHub search
298,taketoday-tutorial4j,https://github.com/search?q=taketoday-tutorial4j+language:Java&type=repositories,3025.0,1.0,476.0,0.6666666666666666,0.0,0.0,0.0,34781,10592,24189,1,0,1,1,Resolve via build_repo_urls.py or GitHub search
299,telegram-bot,https://github.com/search?q=telegram-bot+language:Java&type=repositories,8.0,1.0,50.0,0.96875,1.0,0.0,0.0,11,9,2,1,1,0,1,Resolve via build_repo_urls.py or GitHub search
300,tensorflow-example-java,https://github.com/search?q=tensorflow-example-java+language:Java&type=repositories,20.0,2.0,411.0,,0.0,0.0,0.0,42,12,30,1,0,0,0,Resolve via build_repo_urls.py or GitHub search
301,tensorflow-java,https://github.com/search?q=tensorflow-java+language:Java&type=repositories,20.0,1.0,739.0,,0.0,0.0,0.0,14,3,11,1,0,0,0,Resolve via build_repo_urls.py or GitHub search
302,tensorflow-java-examples-spring,https://github.com/search?q=tensorflow-java-examples-spring+language:Java&type=repositories,28.0,3.0,411.0,0.8,0.0,0.0,0.0,48,13,35,1,1,0,1,Resolve via build_repo_urls.py or GitHub search
303,test-spring4-apps,https://github.com/search?q=test-spring4-apps+language:Java&type=repositories,2.0,1.0,0.0,,0.0,1.0,0.0,0,0,0,1,0,0,0,Resolve via build_repo_urls.py or GitHub search
304,testcontainers.testcontainers-java-examples,https://github.com/search?q=testcontainers.testcontainers-java-examples+language:Java&type=repositories,32.0,6.0,940.0,0.9090909090909092,1.0,0.0,0.0,44,25,19,1,1,0,1,Resolve via build_repo_urls.py or GitHub search
305,the-legacy-app,https://github.com/search?q=the-legacy-app+language:Java&type=repositories,17.0,3.0,283.0,,0.0,0.0,0.0,30,17,13,1,0,0,0,Resolve via build_repo_urls.py or GitHub search
306,timrsyncclient,https://github.com/search?q=timrsyncclient+language:Java&type=repositories,19.0,3.0,1070.0,,0.0,0.0,1.0,17,5,12,1,0,0,0,Resolve via build_repo_urls.py or GitHub search
307,tut-rest,https://github.com/search?q=tut-rest+language:Java&type=repositories,105.0,21.0,2575.0,1.0,1.0,0.0,1.0,52,35,17,1,1,0,1,Resolve via build_repo_urls.py or GitHub search
308,tutorial,https://github.com/search?q=tutorial+language:Java&type=repositories,208.0,4.0,1670.0,-0.5,0.0,0.0,0.0,53,39,14,1,0,1,1,Resolve via build_repo_urls.py or GitHub search
309,tutorial_projects,https://github.com/search?q=tutorial_projects+language:Java&type=repositories,,,,,,,,6,2,4,0,0,0,0,Resolve via build_repo_urls.py or GitHub search
310,unsafe-java-world,https://github.com/search?q=unsafe-java-world+language:Java&type=repositories,8.0,3.0,266.0,,0.0,0.0,0.0,38,8,30,1,0,0,0,Resolve via build_repo_urls.py or GitHub search
311,upacademyJavaStarterExamples,https://github.com/search?q=upacademyJavaStarterExamples+language:Java&type=repositories,23.0,2.0,46.0,,0.0,1.0,0.0,366,216,150,1,0,0,0,Resolve via build_repo_urls.py or GitHub search
312,usb4java-examples,https://github.com/search?q=usb4java-examples+language:Java&type=repositories,26.0,2.0,2016.0,0.6,0.0,0.0,0.0,34,4,30,1,0,1,1,Resolve via build_repo_urls.py or GitHub search
313,usb4java-javax-examples,https://github.com/search?q=usb4java-javax-examples+language:Java&type=repositories,8.0,1.0,1694.0,0.8333333333333334,0.0,0.0,0.0,51,17,34,1,1,0,1,Resolve via build_repo_urls.py or GitHub search
314,visa-java-sample-code,https://github.com/search?q=visa-java-sample-code+language:Java&type=repositories,4.0,4.0,84.0,,0.0,1.0,0.0,739,187,552,1,0,0,0,Resolve via build_repo_urls.py or GitHub search
315,vydya-java,https://github.com/search?q=vydya-java+language:Java&type=repositories,38.0,4.0,66.0,,0.0,1.0,0.0,51,1,50,1,0,0,0,Resolve via build_repo_urls.py or GitHub search
316,wagetracker,https://github.com/search?q=wagetracker+language:Java&type=repositories,2.0,1.0,2.0,,0.0,1.0,0.0,97,13,84,1,0,0,0,Resolve via build_repo_urls.py or GitHub search
317,weatherApp,https://github.com/search?q=weatherApp+language:Java&type=repositories,1.0,1.0,0.0,,0.0,1.0,0.0,25,5,20,1,0,0,0,Resolve via build_repo_urls.py or GitHub search
318,webapp_with_jetty,https://github.com/search?q=webapp_with_jetty+language:Java&type=repositories,1.0,1.0,0.0,,0.0,1.0,0.0,6,1,5,1,0,0,0,Resolve via build_repo_urls.py or GitHub search
